family,absoluteError,referenceNorm,relativeError,referenceChange,allowanceFraction,referenceFraction,profile,amplitude,time,unsplitDifference
Ag_q,0,1.85407120919833e-14,0,3.50890466890758e-26,1.79568925246442e-09,1.79568925246442e-07,constant,0.01,327,6.81583096725849e-24
Ag_0,0,2.59122819141429e-12,0,4.1519570922478e-22,1.60169428987752e-07,1.60169428987752e-05,constant,0.01,327,8.14886246365139e-20
Aw_p,0,7.03471799653587e-09,0,9.26381328634351e-19,1.31687040959352e-07,1.31687040959352e-05,constant,0.01,327,1.46880151352131e-14
Aw_m,0,3.58373680006884e-09,0,9.26381328187398e-19,2.58495844246642e-07,2.58495844246642e-05,constant,0.01,327,1.46880151351626e-14
Aio,0,6.07380887208266e-09,0,1.01117488620911e-23,1.66481155568735e-12,1.66481155568735e-10,constant,0.01,327,2.1397970520362e-23
Amda,0,1.42889198698381e-09,0,9.07594360919165e-22,6.35173080970163e-10,6.35173080970162e-08,constant,0.01,327,2.20412010395156e-19
Ag_q,0,1.86025182566931e-14,0,3.6596171799958e-26,1.86691175698625e-09,1.86691175698625e-07,constant,0.01,901,7.09709578676185e-24
Ag_0,0,2.85649622451805e-12,0,4.33204711475167e-22,1.51602898984839e-07,1.51602898984839e-05,constant,0.01,901,8.46674695273703e-20
Aw_p,0,6.99885208430856e-09,0,3.43478469742285e-18,4.90763937469075e-07,4.90763937469075e-05,constant,0.01,901,1.39554553102372e-14
Aw_m,0,3.54633755059964e-09,0,3.434784699646e-18,9.68543936411605e-07,9.68543936411605e-05,constant,0.01,901,1.39554553103673e-14
Aio,0,5.8609938698023e-09,0,1.186221849126e-23,2.02392575915361e-12,2.02392575915361e-10,constant,0.01,901,2.62073235514499e-23
Amda,0,7.83999809090773e-10,0,8.44784935444219e-22,1.07753069339806e-09,1.07753069339806e-07,constant,0.01,901,1.2724458890746e-19
Ag_q,0,1.85408499470535e-12,0,3.48854530410401e-24,1.88053125008329e-09,1.88053125008329e-07,constant,0.1,327,6.81785024159727e-22
Ag_0,0,2.59124698850582e-10,0,4.12926073358552e-20,1.59353578278878e-07,1.59353578278878e-05,constant,0.1,327,8.15105452883273e-18
Aw_p,0,7.03495331473591e-07,0,9.26383061927208e-17,1.31682900961107e-07,1.31682900961107e-05,constant,0.1,327,1.79282379046785e-14
Aw_m,0,3.58376443753378e-07,0,9.26383060146435e-17,2.58494405452328e-07,2.58494405452328e-05,constant,0.1,327,1.79282378952524e-14
Aio,0,6.07381962827542e-07,0,1.10862438594999e-21,1.82525075154318e-12,1.82525075154318e-10,constant,0.1,327,2.73393420645516e-21
Amda,0,1.42893612471529e-07,0,1.61939576770966e-19,1.13328771550193e-09,1.13328771550193e-07,constant,0.1,327,2.18285268619465e-17
Ag_q,0,1.86026284307038e-12,0,3.64720821016775e-24,1.95953420751216e-09,1.95953420751216e-07,constant,0.1,901,7.0896721379467e-22
Ag_0,0,2.85651752132563e-10,0,4.31583502118887e-20,1.51086764925899e-07,1.51086764925899e-05,constant,0.1,901,8.45861743631585e-18
Aw_p,0,6.9990634567299e-07,0,3.43478476390103e-16,4.90749195264239e-07,4.90749195264239e-05,constant,0.1,901,2.93744211490155e-14
Aw_m,0,3.5463533414609e-07,0,3.43478476658239e-16,9.68539913025714e-07,9.68539913025713e-05,constant,0.1,901,2.93744211251043e-14
Aio,0,5.86099703415919e-07,0,1.79309883638491e-21,3.05937509074813e-12,3.05937509074813e-10,constant,0.1,901,9.4275551260067e-22
Amda,0,7.84022806762225e-08,0,6.05192311851573e-20,7.7190650439337e-10,7.7190650439337e-08,constant,0.1,901,1.14731287732646e-17
Ag_q,0,1.85423436576611e-10,0,3.5079447371405e-22,1.89184597343573e-09,1.89184597343573e-07,constant,1,327,6.81594866534915e-20
Ag_0,0,2.59145626710924e-08,0,4.1508666359431e-18,1.60175054020816e-07,1.60175054020816e-05,constant,1,327,8.14915509649722e-16
Aw_p,0,7.03735499232996e-05,0,9.2655627275562e-15,1.31662574042707e-07,1.31662574042707e-05,constant,1,327,2.72041422086142e-13
Aw_m,0,3.5840779394883e-05,0,9.26556258882283e-15,2.58520119958305e-07,2.58520119958305e-05,constant,1,327,2.72041534125112e-13
Aio,0,6.07393940986312e-05,0,1.51321455096602e-19,2.49132309170533e-12,2.49132309170533e-10,constant,1,327,1.843469844476e-19
Amda,0,1.42938199610784e-05,0,1.45132325764008e-17,1.01535017335496e-09,1.01535017335496e-07,constant,1,327,2.22351506216045e-15
Ag_q,0,1.86038204489477e-10,0,3.6352274285441e-22,1.95401148834181e-09,1.95401148834181e-07,constant,1,901,7.09594103219594e-20
Ag_0,0,2.85674871714109e-08,0,4.29999453751658e-18,1.50520567706748e-07,1.50520567706748e-05,constant,1,901,8.46525010434963e-16
Aw_p,0,7.00121521434339e-05,0,3.43479136622373e-14,4.90599311836295e-07,4.90599311836295e-05,constant,1,901,2.20698484996324e-13
Aw_m,0,3.54654181301785e-05,0,3.43479136580888e-14,9.68490305994523e-07,9.68490305994523e-05,constant,1,901,2.2069849469771e-13
Aio,0,5.86103569109324e-05,0,1.29966817509134e-19,2.21747186601204e-12,2.21747186601204e-10,constant,1,901,2.2085894780309e-19
Amda,0,7.84254806196882e-06,0,2.63997559406056e-18,3.36622175964222e-10,3.36622175964222e-08,constant,1,901,1.28520608527598e-15
Ag_q,0,4.1029718371048e-14,0,7.51412087177841e-26,1.78781137799736e-09,1.78781137799736e-07,exponential,0.01,327,9.61320751047117e-24
Ag_0,0,1.42834662974237e-11,0,9.95425949017477e-22,6.968590413469e-08,6.968590413469e-06,exponential,0.01,327,1.2355949092083e-19
Aw_p,0,1.90150729158991e-08,0,9.14074312893459e-19,4.80710365332408e-08,4.80710365332408e-06,exponential,0.01,327,1.03449011590336e-14
Aw_m,0,1.1936259619373e-08,0,9.14074312917145e-19,7.65796208767064e-08,7.65796208767064e-06,exponential,0.01,327,1.03449011592671e-14
Aio,0,1.81032914314044e-08,0,3.38969807654255e-23,1.87242077063415e-12,1.87242077063415e-10,exponential,0.01,327,1.70573155821849e-22
Amda,0,1.75967967054338e-09,0,1.58938659642505e-21,9.03224444656917e-10,9.03224444656917e-08,exponential,0.01,327,1.50218600354671e-19
Ag_q,0,3.54671796091305e-14,0,7.88193074812847e-26,2.16137656726133e-09,2.16137656726133e-07,exponential,0.01,901,1.0091155622924e-23
Ag_0,0,9.83206190730192e-12,0,1.04377340682823e-21,1.06149378155866e-07,1.06149378155866e-05,exponential,0.01,901,1.29394738086808e-19
Aw_p,0,6.30303960010669e-09,0,3.38347478962876e-18,5.36800411784035e-07,5.36800411784035e-05,exponential,0.01,901,9.67317266674812e-15
Aw_m,0,2.70952059011897e-09,0,3.38347478790247e-18,1.24873512735283e-06,0.000124873512735283,exponential,0.01,901,9.67317266687117e-15
Aio,0,1.78520744380784e-08,0,2.04439251826211e-23,1.14518478557481e-12,1.14518478557481e-10,exponential,0.01,901,1.48000389896944e-22
Amda,0,8.75723983734061e-10,0,2.62143037984099e-22,2.99344021071924e-10,2.99344021071924e-08,exponential,0.01,901,7.38323151488052e-20
Ag_q,0,4.1029907563831e-12,0,7.52834189021737e-24,1.83439543047417e-09,1.83439543047417e-07,exponential,0.1,327,9.61461172701278e-22
Ag_0,0,1.42835406982402e-09,0,9.96678809270062e-20,6.97780846181936e-08,6.97780846181936e-06,exponential,0.1,327,1.23565770598357e-17
Aw_p,0,1.90150791038479e-06,0,9.1407946582056e-17,4.80712943841961e-08,4.80712943841961e-06,exponential,0.1,327,3.98044449081067e-14
Aw_m,0,1.19366050651636e-06,0,9.14079458503252e-17,7.65778420872088e-08,7.65778420872088e-06,exponential,0.1,327,3.98044450315912e-14
Aio,0,1.81033046064588e-06,0,3.2829304059033e-21,1.81344261473598e-12,1.81344261473598e-10,exponential,0.1,327,1.70292786849678e-20
Amda,0,1.7597291194232e-07,0,1.24094360977129e-19,7.051901278568e-10,7.051901278568e-08,exponential,0.1,327,1.36563058930667e-17
Ag_q,0,3.54672655826918e-12,0,7.88954022587897e-24,2.22382985168057e-09,2.22382985168057e-07,exponential,0.1,901,1.01031013201966e-21
Ag_0,0,9.83208245655281e-10,0,1.04436589784897e-19,1.06220105482525e-07,1.06220105482525e-05,exponential,0.1,901,1.29506657983403e-17
Aw_p,0,6.3017880485601e-07,0,3.38347496473026e-16,5.36907133862472e-07,5.36907133862472e-05,exponential,0.1,901,1.06449190559772e-14
Aw_m,0,2.71027411724653e-07,0,3.38347496418584e-16,1.24838846748806e-06,0.000124838846748806,exponential,0.1,901,1.06449188585197e-14
Aio,0,1.78520765313402e-06,0,1.46337904818918e-21,8.19724834139275e-13,8.19724834139276e-11,exponential,0.1,901,1.39309909260857e-20
Amda,0,8.75747377113448e-08,0,4.97670591696437e-20,5.68280989494938e-10,5.68280989494938e-08,exponential,0.1,901,7.84182387175531e-18
Ag_q,0,4.10320443181766e-10,0,7.56675155939436e-22,1.84410336947523e-09,1.84410336947523e-07,exponential,1,327,9.60992684800059e-20
Ag_0,0,1.42843948930341e-07,0,1.00049318357166e-17,7.00409911697037e-08,7.00409911697037e-06,exponential,1,327,1.23512715656939e-15
Aw_p,0,0.000190178765639072,0,9.14596166053921e-15,4.80913924841044e-08,4.80913924841044e-06,exponential,1,327,1.47317225779629e-13
Aw_m,0,0.00011943040079984,0,9.14596136656751e-15,7.65798431993805e-08,7.65798431993805e-06,exponential,1,327,1.4731730888693e-13
Aio,0,0.00018103471252003,0,3.07531250852131e-19,1.69874189634436e-12,1.69874189634436e-10,exponential,1,327,1.95558314603571e-18
Amda,0,1.76022913017532e-05,0,9.02588292946332e-18,5.12767501356573e-10,5.12767501356573e-08,exponential,1,327,1.47580709728334e-15
Ag_q,0,3.5468279198258e-10,0,7.8953251049173e-22,2.22601801474624e-09,2.22601801474624e-07,exponential,1,901,1.0081604991421e-19
Ag_0,0,9.83235032016484e-08,0,1.04470079928324e-17,1.06251379847152e-07,1.06251379847152e-05,exponential,1,901,1.29316678893216e-15
Aw_p,0,6.28856223065825e-05,0,3.38349700879741e-14,5.38039838780357e-07,5.38039838780357e-05,exponential,1,901,8.94406339650238e-14
Aw_m,0,2.7211625345524e-05,0,3.38349701052612e-14,1.24340129170503e-06,0.000124340129170503,exponential,1,901,8.94406694452878e-14
Aio,0,0.000178521176239313,0,2.03944015855722e-19,1.14240797731014e-12,1.14240797731014e-10,exponential,1,901,1.44370997859538e-18
Amda,0,8.75983579975898e-06,0,2.38547231848182e-18,2.72319296016386e-10,2.72319296016386e-08,exponential,1,901,6.21492597533583e-16
