interaction,inputA,inputB,output,channel,error,modeA,signA,modeB,signB,referenceStability,eigenProductStability,productCount,zeroProductCount
1,wave,wave,wave,u*dx(u),0,1,1,1,1,0,0,0,256
1,wave,wave,wave,v*dy(u),0.274685186172571,8,1,7,1,1.47087028054382e-15,1.09426964827712e-11,256,0
1,wave,wave,wave,w*dz(u),0.27468216655886,8,1,7,1,2.30055358505907e-15,1.33200991932049e-08,256,0
1,wave,wave,wave,u*dx(v),0,1,1,1,1,0,0,0,256
1,wave,wave,wave,v*dy(v),0.0466625331034635,8,1,7,1,3.33066907387547e-16,1.03055342037806e-11,256,0
1,wave,wave,wave,w*dz(v),0.0466619330418461,8,1,7,1,3.33066907387547e-16,8.46808523302656e-09,256,0
1,wave,wave,wave,u*dx(w),0,1,1,1,1,0,0,0,256
1,wave,wave,wave,v*dy(w),0.0269961154208178,8,1,8,1,5.47840866312058e-16,1.07704956064936e-11,256,0
1,wave,wave,wave,w*dz(w),0.0269961117236424,8,1,8,1,5.55111512312578e-16,1.0338285783007e-11,256,0
1,wave,wave,wave,u*dx(eta),0,1,1,1,1,0,0,0,256
1,wave,wave,wave,v*dy(eta),0.384944259813132,8,1,8,1,1.73194804241786e-15,1.08861854781933e-11,256,0
1,wave,wave,wave,w*dz(eta),0.384944207094279,8,1,8,1,1.88488169335966e-15,1.03329567124888e-11,256,0
1,wave,wave,wave,w*eta*dlogN2,0,1,1,1,1,0,0,0,256
1,wave,apv,wave,u*dx(u),0,1,1,-1,0,0,0,0,64
1,wave,apv,wave,v*dy(u),0.0090442146679469,8,1,3,0,1.54339286127658e-15,1.10841017299845e-11,64,0
1,wave,apv,wave,w*dz(u),0.00921543037484117,8,1,3,0,1.45720883101902e-15,1.42824992134997e-11,64,0
1,wave,apv,wave,u*dx(v),0,1,1,-1,0,0,0,0,64
1,wave,apv,wave,v*dy(v),0,1,1,-1,0,0,0,0,64
1,wave,apv,wave,w*dz(v),0,1,1,-1,0,0,0,0,64
1,wave,apv,wave,u*dx(w),0,1,1,-1,0,0,0,0,64
1,wave,apv,wave,v*dy(w),0,1,1,-1,0,0,0,0,64
1,wave,apv,wave,w*dz(w),0,1,1,-1,0,0,0,0,64
1,wave,apv,wave,u*dx(eta),0,1,1,-1,0,0,0,0,64
1,wave,apv,wave,v*dy(eta),0.00912894858356597,8,1,3,0,1.1747575317538e-15,1.88775978901313e-11,64,0
1,wave,apv,wave,w*dz(eta),0.00895942336890087,8,1,3,0,1.36251484336877e-15,5.76129144391757e-10,64,0
1,wave,apv,wave,w*eta*dlogN2,0,1,1,-1,0,0,0,0,64
1,apv,wave,wave,u*dx(u),0,-1,0,1,1,0,0,0,64
1,apv,wave,wave,v*dy(u),0.00904421352187562,3,0,8,1,1.14806578125791e-15,9.02980920571321e-12,64,0
1,apv,wave,wave,w*dz(u),0,-1,0,1,1,0,0,0,64
1,apv,wave,wave,u*dx(v),0,-1,0,1,1,0,0,0,64
1,apv,wave,wave,v*dy(v),0.00152762236005429,2,0,8,1,2.22044604925031e-16,2.28816965375245e-12,64,0
1,apv,wave,wave,w*dz(v),0,-1,0,1,1,0,0,0,64
1,apv,wave,wave,u*dx(w),0,-1,0,1,1,0,0,0,64
1,apv,wave,wave,v*dy(w),0.000598517277294837,3,0,8,1,4.52640752160762e-16,5.72802677701012e-12,64,0
1,apv,wave,wave,w*dz(w),0,-1,0,1,1,0,0,0,64
1,apv,wave,wave,u*dx(eta),0,-1,0,1,1,0,0,0,64
1,apv,wave,wave,v*dy(eta),0.00895942363490448,3,0,8,1,1.37598405952273e-15,1.16357622189017e-11,64,0
1,apv,wave,wave,w*dz(eta),0,-1,0,1,1,0,0,0,64
1,apv,wave,wave,w*eta*dlogN2,0,-1,0,1,1,0,0,0,64
1,wave,boundary,wave,u*dx(u),0,1,1,1,0,0,0,0,32
1,wave,boundary,wave,v*dy(u),0.00017750189338155,8,1,1,0,1.77635683940025e-15,4.16026485897889e-11,32,0
1,wave,boundary,wave,w*dz(u),0.00121555054534014,2,1,1,0,5.0362629413411e-15,2.98424112393258e-11,32,0
1,wave,boundary,wave,u*dx(v),0,1,1,1,0,0,0,0,32
1,wave,boundary,wave,v*dy(v),0,1,1,1,0,0,0,0,32
1,wave,boundary,wave,w*dz(v),0,1,1,1,0,0,0,0,32
1,wave,boundary,wave,u*dx(w),0,1,1,1,0,0,0,0,32
1,wave,boundary,wave,v*dy(w),0,1,1,1,0,0,0,0,32
1,wave,boundary,wave,w*dz(w),0,1,1,1,0,0,0,0,32
1,wave,boundary,wave,u*dx(eta),0,1,1,1,0,0,0,0,32
1,wave,boundary,wave,v*dy(eta),0.000204549563437224,1,1,1,0,1.77635683940025e-15,1.1408873845653e-11,32,0
1,wave,boundary,wave,w*dz(eta),0.00128010970623252,2,1,1,0,1.17371567358105e-15,1.00510710865365e-11,32,0
1,wave,boundary,wave,w*eta*dlogN2,0,1,1,1,0,0,0,0,32
1,boundary,wave,wave,u*dx(u),0,1,0,1,1,0,0,0,32
1,boundary,wave,wave,v*dy(u),0.00860907374627111,1,0,1,1,3.77475828372553e-15,3.83507029977813e-10,32,0
1,boundary,wave,wave,w*dz(u),0,1,0,1,1,0,0,0,32
1,boundary,wave,wave,u*dx(v),0,1,0,1,1,0,0,0,32
1,boundary,wave,wave,v*dy(v),0.000911979222961653,1,0,1,1,3.77475828372553e-15,5.2592167330178e-11,32,0
1,boundary,wave,wave,w*dz(v),0,1,0,1,1,0,0,0,32
1,boundary,wave,wave,u*dx(w),0,1,0,1,1,0,0,0,32
1,boundary,wave,wave,v*dy(w),0.011486394611853,1,0,2,1,3.5527136788005e-15,3.20135813036018e-08,32,0
1,boundary,wave,wave,w*dz(w),0,1,0,1,1,0,0,0,32
1,boundary,wave,wave,u*dx(eta),0,1,0,1,1,0,0,0,32
1,boundary,wave,wave,v*dy(eta),0.00296613523438101,1,0,2,1,2.34241917155649e-14,4.92935873045792e-08,32,0
1,boundary,wave,wave,w*dz(eta),0,1,0,1,1,0,0,0,32
1,boundary,wave,wave,w*eta*dlogN2,0,1,0,1,1,0,0,0,32
1,apv,boundary,wave,u*dx(u),0,-1,0,1,0,0,0,0,8
1,apv,boundary,wave,v*dy(u),0.000134930285325211,-1,0,1,0,1.77635683940025e-15,4.04808446220732e-11,8,0
1,apv,boundary,wave,w*dz(u),0,-1,0,1,0,0,0,0,8
1,apv,boundary,wave,u*dx(v),0,-1,0,1,0,0,0,0,8
1,apv,boundary,wave,v*dy(v),0,-1,0,1,0,0,0,0,8
1,apv,boundary,wave,w*dz(v),0,-1,0,1,0,0,0,0,8
1,apv,boundary,wave,u*dx(w),0,-1,0,1,0,0,0,0,8
1,apv,boundary,wave,v*dy(w),0,-1,0,1,0,0,0,0,8
1,apv,boundary,wave,w*dz(w),0,-1,0,1,0,0,0,0,8
1,apv,boundary,wave,u*dx(eta),0,-1,0,1,0,0,0,0,8
1,apv,boundary,wave,v*dy(eta),0.000200533624744121,-1,0,1,0,1.77635683940025e-15,1.24296128944934e-11,8,0
1,apv,boundary,wave,w*dz(eta),0,-1,0,1,0,0,0,0,8
1,apv,boundary,wave,w*eta*dlogN2,0,-1,0,1,0,0,0,0,8
1,boundary,apv,wave,u*dx(u),0,1,0,-1,0,0,0,0,8
1,boundary,apv,wave,v*dy(u),0.00874957321966277,1,0,-1,0,3.77475828372553e-15,6.72725060175545e-10,8,0
1,boundary,apv,wave,w*dz(u),0,1,0,-1,0,0,0,0,8
1,boundary,apv,wave,u*dx(v),0,1,0,-1,0,0,0,0,8
1,boundary,apv,wave,v*dy(v),0,1,0,-1,0,0,0,0,8
1,boundary,apv,wave,w*dz(v),0,1,0,-1,0,0,0,0,8
1,boundary,apv,wave,u*dx(w),0,1,0,-1,0,0,0,0,8
1,boundary,apv,wave,v*dy(w),0,1,0,-1,0,0,0,0,8
1,boundary,apv,wave,w*dz(w),0,1,0,-1,0,0,0,0,8
1,boundary,apv,wave,u*dx(eta),0,1,0,-1,0,0,0,0,8
1,boundary,apv,wave,v*dy(eta),0.00442199212567111,2,0,3,0,3.5527136788005e-15,3.82110263080283e-09,8,0
1,boundary,apv,wave,w*dz(eta),0,1,0,-1,0,0,0,0,8
1,boundary,apv,wave,w*eta*dlogN2,0,1,0,-1,0,0,0,0,8
1,boundary,boundary,wave,u*dx(u),0,1,0,1,0,0,0,0,4
1,boundary,boundary,wave,v*dy(u),0.0368589490262884,2,0,1,0,8.74574409559514e-07,1.81450846868168,4,0
1,boundary,boundary,wave,w*dz(u),0,1,0,1,0,0,0,0,4
1,boundary,boundary,wave,u*dx(v),0,1,0,1,0,0,0,0,4
1,boundary,boundary,wave,v*dy(v),0,1,0,1,0,0,0,0,4
1,boundary,boundary,wave,w*dz(v),0,1,0,1,0,0,0,0,4
1,boundary,boundary,wave,u*dx(w),0,1,0,1,0,0,0,0,4
1,boundary,boundary,wave,v*dy(w),0,1,0,1,0,0,0,0,4
1,boundary,boundary,wave,w*dz(w),0,1,0,1,0,0,0,0,4
1,boundary,boundary,wave,u*dx(eta),0,1,0,1,0,0,0,0,4
1,boundary,boundary,wave,v*dy(eta),0.106292523441847,2,0,1,0,7.96955687221157e-07,0.968545118923889,4,0
1,boundary,boundary,wave,w*dz(eta),0,1,0,1,0,0,0,0,4
1,boundary,boundary,wave,w*eta*dlogN2,0,1,0,1,0,0,0,0,4
43,wave,wave,wave,u*dx(u),0,1,1,1,1,0,0,0,256
43,wave,wave,wave,v*dy(u),0.199767767028182,7,1,8,1,1.43493258581929e-15,1.17041931702033e-11,256,0
43,wave,wave,wave,w*dz(u),0.199765549733043,7,1,8,1,1.43420256707648e-15,2.16919272318855e-09,256,0
43,wave,wave,wave,u*dx(v),0,1,1,1,1,0,0,0,256
43,wave,wave,wave,v*dy(v),0.199767767028182,7,1,8,1,1.39540883438522e-15,1.32265309815693e-11,256,0
43,wave,wave,wave,w*dz(v),0.199765549733043,7,1,8,1,1.07626414559525e-15,2.16856428960187e-09,256,0
43,wave,wave,wave,u*dx(w),0,1,1,1,1,0,0,0,256
43,wave,wave,wave,v*dy(w),0.0191156339216605,8,1,8,1,5.17053669204006e-16,1.33482114250683e-11,256,0
43,wave,wave,wave,w*dz(w),0.0191156352306214,8,1,8,1,5.47645663844853e-16,1.30768729178499e-11,256,0
43,wave,wave,wave,u*dx(eta),0,1,1,1,1,0,0,0,256
43,wave,wave,wave,v*dy(eta),0.380931128318337,8,1,8,1,1.71043189608256e-15,1.18258736137022e-11,256,0
43,wave,wave,wave,w*dz(eta),0.380931154402911,8,1,8,1,1.73185965853306e-15,1.15545351064839e-11,256,0
43,wave,wave,wave,w*eta*dlogN2,0,1,1,1,1,0,0,0,256
43,wave,apv,wave,u*dx(u),0,1,1,-1,0,0,0,0,64
43,wave,apv,wave,v*dy(u),0.00654339637391865,8,1,3,0,1.25087565333922e-15,1.09601216990995e-11,64,0
43,wave,apv,wave,w*dz(u),0.0066669788195631,8,1,3,0,1.12548147021534e-15,2.13318251951478e-11,64,0
43,wave,apv,wave,u*dx(v),0,1,1,-1,0,0,0,0,64
43,wave,apv,wave,v*dy(v),0,1,1,-1,0,0,0,0,64
43,wave,apv,wave,w*dz(v),0,1,1,-1,0,0,0,0,64
43,wave,apv,wave,u*dx(w),0,1,1,-1,0,0,0,0,64
43,wave,apv,wave,v*dy(w),0,1,1,-1,0,0,0,0,64
43,wave,apv,wave,w*dz(w),0,1,1,-1,0,0,0,0,64
43,wave,apv,wave,u*dx(eta),0,1,1,-1,0,0,0,0,64
43,wave,apv,wave,v*dy(eta),0.00902711812065774,8,1,3,0,1.19467138742546e-15,2.24826823824742e-11,64,0
43,wave,apv,wave,w*dz(eta),0.0088592733170403,8,1,3,0,1.60716628659114e-15,5.39939648547261e-10,64,0
43,wave,apv,wave,w*eta*dlogN2,0,1,1,-1,0,0,0,0,64
43,apv,wave,wave,u*dx(u),0,-1,0,1,1,0,0,0,64
43,apv,wave,wave,v*dy(u),0.00654339681757625,3,0,8,1,1.32595526349676e-15,6.48367323914068e-12,64,0
43,apv,wave,wave,w*dz(u),0,-1,0,1,1,0,0,0,64
43,apv,wave,wave,u*dx(v),0,-1,0,1,1,0,0,0,64
43,apv,wave,wave,v*dy(v),0.00654339681757619,3,0,8,1,1.24926244043647e-15,6.4838102509577e-12,64,0
43,apv,wave,wave,w*dz(v),0,-1,0,1,1,0,0,0,64
43,apv,wave,wave,u*dx(w),0,-1,0,1,1,0,0,0,64
43,apv,wave,wave,v*dy(w),0.000423980894704759,3,0,8,1,4.44089209850063e-16,5.63893376437363e-12,64,0
43,apv,wave,wave,w*dz(w),0,-1,0,1,1,0,0,0,64
43,apv,wave,wave,u*dx(eta),0,-1,0,1,1,0,0,0,64
43,apv,wave,wave,v*dy(eta),0.00885927316451571,3,0,8,1,1.89283953003391e-15,1.21357674322157e-11,64,0
43,apv,wave,wave,w*dz(eta),0,-1,0,1,1,0,0,0,64
43,apv,wave,wave,w*eta*dlogN2,0,-1,0,1,1,0,0,0,64
43,wave,boundary,wave,u*dx(u),0,1,1,1,0,0,0,0,32
43,wave,boundary,wave,v*dy(u),0.00406328923227502,1,1,1,0,3.5527136788005e-15,5.95398796102879e-11,32,0
43,wave,boundary,wave,w*dz(u),0.0234110056921659,2,1,1,0,1.57187143859962e-14,7.18931534390856e-11,32,0
43,wave,boundary,wave,u*dx(v),0,1,1,1,0,0,0,0,32
43,wave,boundary,wave,v*dy(v),0,1,1,1,0,0,0,0,32
43,wave,boundary,wave,w*dz(v),0,1,1,1,0,0,0,0,32
43,wave,boundary,wave,u*dx(w),0,1,1,1,0,0,0,0,32
43,wave,boundary,wave,v*dy(w),0,1,1,1,0,0,0,0,32
43,wave,boundary,wave,w*dz(w),0,1,1,1,0,0,0,0,32
43,wave,boundary,wave,u*dx(eta),0,1,1,1,0,0,0,0,32
43,wave,boundary,wave,v*dy(eta),0.00229028269917839,8,1,1,0,3.33066907387547e-15,1.58266733052415e-11,32,0
43,wave,boundary,wave,w*dz(eta),0.00466251091227267,2,1,1,0,3.77475828372553e-15,1.6420420578811e-11,32,0
43,wave,boundary,wave,w*eta*dlogN2,0,1,1,1,0,0,0,0,32
43,boundary,wave,wave,u*dx(u),0,1,0,1,1,0,0,0,32
43,boundary,wave,wave,v*dy(u),0.000793202298718406,1,0,1,1,2.66453525910038e-15,8.32955018239736e-12,32,0
43,boundary,wave,wave,w*dz(u),0,1,0,1,1,0,0,0,32
43,boundary,wave,wave,u*dx(v),0,1,0,1,1,0,0,0,32
43,boundary,wave,wave,v*dy(v),0.000793202298718511,1,0,1,1,2.66453525910038e-15,8.34931862817957e-12,32,0
43,boundary,wave,wave,w*dz(v),0,1,0,1,1,0,0,0,32
43,boundary,wave,wave,u*dx(w),0,1,0,1,1,0,0,0,32
43,boundary,wave,wave,v*dy(w),0.00183862536125864,1,0,2,1,2.22044604925031e-15,2.52482231566957e-10,32,0
43,boundary,wave,wave,w*dz(w),0,1,0,1,1,0,0,0,32
43,boundary,wave,wave,u*dx(eta),0,1,0,1,1,0,0,0,32
43,boundary,wave,wave,v*dy(eta),0.0039501489394199,1,0,8,1,9.58539172419928e-15,5.85974905874048e-10,32,0
43,boundary,wave,wave,w*dz(eta),0,1,0,1,1,0,0,0,32
43,boundary,wave,wave,w*eta*dlogN2,0,1,0,1,1,0,0,0,32
43,apv,boundary,wave,u*dx(u),0,-1,0,1,0,0,0,0,8
43,apv,boundary,wave,v*dy(u),0.00411088394836666,-1,0,1,0,3.33066907387547e-15,5.82737256151083e-11,8,0
43,apv,boundary,wave,w*dz(u),0,-1,0,1,0,0,0,0,8
43,apv,boundary,wave,u*dx(v),0,-1,0,1,0,0,0,0,8
43,apv,boundary,wave,v*dy(v),0,-1,0,1,0,0,0,0,8
43,apv,boundary,wave,w*dz(v),0,-1,0,1,0,0,0,0,8
43,apv,boundary,wave,u*dx(w),0,-1,0,1,0,0,0,0,8
43,apv,boundary,wave,v*dy(w),0,-1,0,1,0,0,0,0,8
43,apv,boundary,wave,w*dz(w),0,-1,0,1,0,0,0,0,8
43,apv,boundary,wave,u*dx(eta),0,-1,0,1,0,0,0,0,8
43,apv,boundary,wave,v*dy(eta),0.00214862492214164,3,0,1,0,3.10862446895044e-15,1.20771170841749e-11,8,0
43,apv,boundary,wave,w*dz(eta),0,-1,0,1,0,0,0,0,8
43,apv,boundary,wave,w*eta*dlogN2,0,-1,0,1,0,0,0,0,8
43,boundary,apv,wave,u*dx(u),0,1,0,-1,0,0,0,0,8
43,boundary,apv,wave,v*dy(u),0.000789376982321103,1,0,-1,0,2.44249065417534e-15,1.14663833983286e-11,8,0
43,boundary,apv,wave,w*dz(u),0,1,0,-1,0,0,0,0,8
43,boundary,apv,wave,u*dx(v),0,1,0,-1,0,0,0,0,8
43,boundary,apv,wave,v*dy(v),0,1,0,-1,0,0,0,0,8
43,boundary,apv,wave,w*dz(v),0,1,0,-1,0,0,0,0,8
43,boundary,apv,wave,u*dx(w),0,1,0,-1,0,0,0,0,8
43,boundary,apv,wave,v*dy(w),0,1,0,-1,0,0,0,0,8
43,boundary,apv,wave,w*dz(w),0,1,0,-1,0,0,0,0,8
43,boundary,apv,wave,u*dx(eta),0,1,0,-1,0,0,0,0,8
43,boundary,apv,wave,v*dy(eta),0.00469432124919908,2,0,3,0,2.22044604925031e-15,6.78031074327762e-11,8,0
43,boundary,apv,wave,w*dz(eta),0,1,0,-1,0,0,0,0,8
43,boundary,apv,wave,w*eta*dlogN2,0,1,0,-1,0,0,0,0,8
43,boundary,boundary,wave,u*dx(u),0,1,0,1,0,0,0,0,4
43,boundary,boundary,wave,v*dy(u),0.0180227997969754,1,0,1,0,9.08728438719919e-07,2.55183023677182,4,0
43,boundary,boundary,wave,w*dz(u),0,1,0,1,0,0,0,0,4
43,boundary,boundary,wave,u*dx(v),0,1,0,1,0,0,0,0,4
43,boundary,boundary,wave,v*dy(v),0,1,0,1,0,0,0,0,4
43,boundary,boundary,wave,w*dz(v),0,1,0,1,0,0,0,0,4
43,boundary,boundary,wave,u*dx(w),0,1,0,1,0,0,0,0,4
43,boundary,boundary,wave,v*dy(w),0,1,0,1,0,0,0,0,4
43,boundary,boundary,wave,w*dz(w),0,1,0,1,0,0,0,0,4
43,boundary,boundary,wave,u*dx(eta),0,1,0,1,0,0,0,0,4
43,boundary,boundary,wave,v*dy(eta),0.00473547603880603,1,0,2,0,6.31131947048669e-06,0.581081008443643,4,0
43,boundary,boundary,wave,w*dz(eta),0,1,0,1,0,0,0,0,4
43,boundary,boundary,wave,w*eta*dlogN2,0,1,0,1,0,0,0,0,4
