profile,amplitude,time,direction,count,field,absoluteError,referenceNorm
constant,0.01,327,horizontal,8,u,1.49227647236645e-20,2.0039719719615e-08
constant,0.01,327,horizontal,8,v,9.31714292477249e-21,8.55355008760019e-09
constant,0.01,327,horizontal,8,w,4.95171141890143e-08,1.31375992657504e-06
constant,0.01,327,horizontal,8,eta,1.17384485282778e-19,4.15243015251295e-07
constant,0.01,327,horizontal,12,u,3.32215827106749e-20,2.0039719719615e-08
constant,0.01,327,horizontal,12,v,1.22747837914166e-20,8.55355008760019e-09
constant,0.01,327,horizontal,12,w,1.51026662904045e-08,1.31375992657504e-06
constant,0.01,327,horizontal,12,eta,1.72482818427871e-19,4.15243015251295e-07
constant,0.01,327,horizontal,16,u,1.28645938493963e-20,2.0039719719615e-08
constant,0.01,327,horizontal,16,v,4.10825258146172e-21,8.55355008760019e-09
constant,0.01,327,horizontal,16,w,6.40678195461955e-09,1.31375992657504e-06
constant,0.01,327,horizontal,16,eta,6.75624910932603e-20,4.15243015251295e-07
constant,0.01,327,horizontal,24,u,2.54768732966093e-20,2.0039719719615e-08
constant,0.01,327,horizontal,24,v,1.00392865374417e-20,8.55355008760019e-09
constant,0.01,327,horizontal,24,w,1.61266585184724e-09,1.31375992657504e-06
constant,0.01,327,horizontal,24,eta,1.45354288934477e-19,4.15243015251295e-07
constant,0.01,327,horizontal,32,u,6.62022260176008e-21,2.0039719719615e-08
constant,0.01,327,horizontal,32,v,2.00999974608037e-21,8.55355008760019e-09
constant,0.01,327,horizontal,32,w,9.78762404087551e-10,1.31375992657504e-06
constant,0.01,327,horizontal,32,eta,3.80402182750751e-20,4.15243015251295e-07
constant,0.01,327,horizontal,48,u,1.95991339699129e-20,2.0039719719615e-08
constant,0.01,327,horizontal,48,v,7.78787306369118e-21,8.55355008760019e-09
constant,0.01,327,horizontal,48,w,4.23412900378511e-10,1.31375992657504e-06
constant,0.01,327,horizontal,48,eta,1.30597657354585e-19,4.15243015251295e-07
constant,0.01,327,horizontal,64,u,0,2.0039719719615e-08
constant,0.01,327,horizontal,64,v,0,8.55355008760019e-09
constant,0.01,327,horizontal,64,w,0,1.31375992657504e-06
constant,0.01,327,horizontal,64,eta,0,4.15243015251295e-07
constant,0.01,327,vertical,9,u,1.29739939953056e-11,2.0039719719615e-08
constant,0.01,327,vertical,9,v,9.72493379816799e-12,8.55355008760019e-09
constant,0.01,327,vertical,9,w,7.1809403499179e-06,1.31375992657504e-06
constant,0.01,327,vertical,9,eta,4.30044277768492e-10,4.15243015251295e-07
constant,0.01,327,vertical,13,u,7.20928335284163e-15,2.0039719719615e-08
constant,0.01,327,vertical,13,v,5.59247641274915e-15,8.55355008760019e-09
constant,0.01,327,vertical,13,w,5.83933799844976e-06,1.31375992657504e-06
constant,0.01,327,vertical,13,eta,1.69210095352454e-13,4.15243015251295e-07
constant,0.01,327,vertical,17,u,1.44169797930764e-18,2.0039719719615e-08
constant,0.01,327,vertical,17,v,1.30304084168516e-18,8.55355008760019e-09
constant,0.01,327,vertical,17,w,5.02200467975676e-06,1.31375992657504e-06
constant,0.01,327,vertical,17,eta,4.72692180878358e-17,4.15243015251295e-07
constant,0.01,327,vertical,25,u,9.02655180804778e-19,2.0039719719615e-08
constant,0.01,327,vertical,25,v,5.39028337454656e-19,8.55355008760019e-09
constant,0.01,327,vertical,25,w,4.03101727526829e-06,1.31375992657504e-06
constant,0.01,327,vertical,25,eta,4.27772197598443e-17,4.15243015251295e-07
constant,0.01,327,vertical,33,u,9.02609225486148e-19,2.0039719719615e-08
constant,0.01,327,vertical,33,v,5.38995036824212e-19,8.55355008760019e-09
constant,0.01,327,vertical,33,w,3.42490903539484e-06,1.31375992657504e-06
constant,0.01,327,vertical,33,eta,4.27753837984527e-17,4.15243015251295e-07
constant,0.01,327,vertical,49,u,9.02735887470857e-19,2.0039719719615e-08
constant,0.01,327,vertical,49,v,5.39056553780934e-19,8.55355008760019e-09
constant,0.01,327,vertical,49,w,2.68224092867515e-06,1.31375992657504e-06
constant,0.01,327,vertical,49,eta,4.27828948069718e-17,4.15243015251295e-07
constant,0.01,327,vertical,65,u,9.02752957694281e-19,2.0039719719615e-08
constant,0.01,327,vertical,65,v,5.39226279151785e-19,8.55355008760019e-09
constant,0.01,327,vertical,65,w,2.21989737853956e-06,1.31375992657504e-06
constant,0.01,327,vertical,65,eta,4.27704277170168e-17,4.15243015251295e-07
constant,0.01,327,vertical,97,u,8.99045482879788e-19,2.0039719719615e-08
constant,0.01,327,vertical,97,v,5.38120942662744e-19,8.55355008760019e-09
constant,0.01,327,vertical,97,w,1.63852750901247e-06,1.31375992657504e-06
constant,0.01,327,vertical,97,eta,4.27669762241381e-17,4.15243015251295e-07
constant,0.01,327,vertical,129,u,8.97365674259609e-19,2.0039719719615e-08
constant,0.01,327,vertical,129,v,5.38613508617445e-19,8.55355008760019e-09
constant,0.01,327,vertical,129,w,1.26503274062433e-06,1.31375992657504e-06
constant,0.01,327,vertical,129,eta,4.27368283811828e-17,4.15243015251295e-07
constant,0.01,327,vertical,193,u,8.97839776841658e-19,2.0039719719615e-08
constant,0.01,327,vertical,193,v,5.36390159637853e-19,8.55355008760019e-09
constant,0.01,327,vertical,193,w,7.87668414725184e-07,1.31375992657504e-06
constant,0.01,327,vertical,193,eta,4.2915299981207e-17,4.15243015251295e-07
constant,0.01,327,vertical,257,u,8.96852262256515e-19,2.0039719719615e-08
constant,0.01,327,vertical,257,v,5.34916507526624e-19,8.55355008760019e-09
constant,0.01,327,vertical,257,w,5.09855034959476e-07,1.31375992657504e-06
constant,0.01,327,vertical,257,eta,4.14524152473648e-17,4.15243015251295e-07
constant,0.01,901,horizontal,8,u,1.09249788815308e-20,2.1351735221569e-08
constant,0.01,901,horizontal,8,v,8.37223416949407e-21,8.5596789393261e-09
constant,0.01,901,horizontal,8,w,4.17103016008913e-08,1.14170550289179e-06
constant,0.01,901,horizontal,8,eta,1.1616289755678e-19,3.22269420539897e-07
constant,0.01,901,horizontal,12,u,9.99636549503303e-21,2.1351735221569e-08
constant,0.01,901,horizontal,12,v,9.60446993592564e-21,8.5596789393261e-09
constant,0.01,901,horizontal,12,w,1.39565540608266e-08,1.14170550289179e-06
constant,0.01,901,horizontal,12,eta,1.18664763456899e-19,3.22269420539897e-07
constant,0.01,901,horizontal,16,u,6.93679947724316e-21,2.1351735221569e-08
constant,0.01,901,horizontal,16,v,5.85116676540905e-21,8.5596789393261e-09
constant,0.01,901,horizontal,16,w,4.47974170671069e-09,1.14170550289179e-06
constant,0.01,901,horizontal,16,eta,7.00077523947634e-20,3.22269420539897e-07
constant,0.01,901,horizontal,24,u,6.61082103843845e-21,2.1351735221569e-08
constant,0.01,901,horizontal,24,v,4.45747774460271e-21,8.5596789393261e-09
constant,0.01,901,horizontal,24,w,1.73837872169889e-09,1.14170550289179e-06
constant,0.01,901,horizontal,24,eta,8.19472344614982e-20,3.22269420539897e-07
constant,0.01,901,horizontal,32,u,6.15484516596516e-21,2.1351735221569e-08
constant,0.01,901,horizontal,32,v,2.79660017396371e-21,8.5596789393261e-09
constant,0.01,901,horizontal,32,w,6.60889193236377e-10,1.14170550289179e-06
constant,0.01,901,horizontal,32,eta,4.91367218190206e-20,3.22269420539897e-07
constant,0.01,901,horizontal,48,u,6.80277857356853e-21,2.1351735221569e-08
constant,0.01,901,horizontal,48,v,7.71098759981899e-21,8.5596789393261e-09
constant,0.01,901,horizontal,48,w,3.0239180545227e-10,1.14170550289179e-06
constant,0.01,901,horizontal,48,eta,1.06997284786337e-19,3.22269420539897e-07
constant,0.01,901,horizontal,64,u,0,2.1351735221569e-08
constant,0.01,901,horizontal,64,v,0,8.5596789393261e-09
constant,0.01,901,horizontal,64,w,0,1.14170550289179e-06
constant,0.01,901,horizontal,64,eta,0,3.22269420539897e-07
constant,0.01,901,vertical,9,u,1.29772666977639e-11,2.1351735221569e-08
constant,0.01,901,vertical,9,v,9.73413637179226e-12,8.5596789393261e-09
constant,0.01,901,vertical,9,w,6.37459409688259e-06,1.14170550289179e-06
constant,0.01,901,vertical,9,eta,4.30253729331782e-10,3.22269420539897e-07
constant,0.01,901,vertical,13,u,7.20817204037811e-15,2.1351735221569e-08
constant,0.01,901,vertical,13,v,5.58797614489023e-15,8.5596789393261e-09
constant,0.01,901,vertical,13,w,5.18654690378638e-06,1.14170550289179e-06
constant,0.01,901,vertical,13,eta,1.69090661543913e-13,3.22269420539897e-07
constant,0.01,901,vertical,17,u,1.47356983136927e-18,2.1351735221569e-08
constant,0.01,901,vertical,17,v,1.29441717873706e-18,8.5596789393261e-09
constant,0.01,901,vertical,17,w,4.46317189223459e-06,1.14170550289179e-06
constant,0.01,901,vertical,17,eta,4.8788047934652e-17,3.22269420539897e-07
constant,0.01,901,vertical,25,u,9.27860889443186e-19,2.1351735221569e-08
constant,0.01,901,vertical,25,v,5.42261954439159e-19,8.5596789393261e-09
constant,0.01,901,vertical,25,w,3.58682478348543e-06,1.14170550289179e-06
constant,0.01,901,vertical,25,eta,4.43535010178582e-17,3.22269420539897e-07
constant,0.01,901,vertical,33,u,9.27911015947811e-19,2.1351735221569e-08
constant,0.01,901,vertical,33,v,5.42244242265442e-19,8.5596789393261e-09
constant,0.01,901,vertical,33,w,3.05146450595638e-06,1.14170550289179e-06
constant,0.01,901,vertical,33,eta,4.43513733145801e-17,3.22269420539897e-07
constant,0.01,901,vertical,49,u,9.28213244089914e-19,2.1351735221569e-08
constant,0.01,901,vertical,49,v,5.42351221373209e-19,8.5596789393261e-09
constant,0.01,901,vertical,49,w,2.39659005249728e-06,1.14170550289179e-06
constant,0.01,901,vertical,49,eta,4.43595362917652e-17,3.22269420539897e-07
constant,0.01,901,vertical,65,u,9.28760692193344e-19,2.1351735221569e-08
constant,0.01,901,vertical,65,v,5.42583110474676e-19,8.5596789393261e-09
constant,0.01,901,vertical,65,w,1.98984548676088e-06,1.14170550289179e-06
constant,0.01,901,vertical,65,eta,4.43465978445243e-17,3.22269420539897e-07
constant,0.01,901,vertical,97,u,9.26258828615398e-19,2.1351735221569e-08
constant,0.01,901,vertical,97,v,5.41667233925392e-19,8.5596789393261e-09
constant,0.01,901,vertical,97,w,1.47986271737663e-06,1.14170550289179e-06
constant,0.01,901,vertical,97,eta,4.43445166029984e-17,3.22269420539897e-07
constant,0.01,901,vertical,129,u,9.26918936250467e-19,2.1351735221569e-08
constant,0.01,901,vertical,129,v,5.43002762974319e-19,8.5596789393261e-09
constant,0.01,901,vertical,129,w,1.15309355089837e-06,1.14170550289179e-06
constant,0.01,901,vertical,129,eta,4.43132467843062e-17,3.22269420539897e-07
constant,0.01,901,vertical,193,u,9.24795556778181e-19,2.1351735221569e-08
constant,0.01,901,vertical,193,v,5.40323651660669e-19,8.5596789393261e-09
constant,0.01,901,vertical,193,w,7.34260142137882e-07,1.14170550289179e-06
constant,0.01,901,vertical,193,eta,4.45032191758505e-17,3.22269420539897e-07
constant,0.01,901,vertical,257,u,9.25902443068682e-19,2.1351735221569e-08
constant,0.01,901,vertical,257,v,5.36615239940903e-19,8.5596789393261e-09
constant,0.01,901,vertical,257,w,4.81570349402793e-07,1.14170550289179e-06
constant,0.01,901,vertical,257,eta,4.29427578201805e-17,3.22269420539897e-07
constant,0.1,327,horizontal,8,u,2.7857345020614e-18,1.00381317779112e-06
constant,0.1,327,horizontal,8,v,7.76221537569623e-19,4.28591357740973e-07
constant,0.1,327,horizontal,8,w,4.50863058184636e-07,1.20622772182122e-05
constant,0.1,327,horizontal,8,eta,1.57402488513109e-17,2.07632041245425e-05
constant,0.1,327,horizontal,12,u,1.65282446701035e-19,1.00381317779112e-06
constant,0.1,327,horizontal,12,v,5.96980383986328e-20,4.28591357740973e-07
constant,0.1,327,horizontal,12,w,1.45486823360195e-07,1.20622772182122e-05
constant,0.1,327,horizontal,12,eta,9.12914173912735e-19,2.07632041245425e-05
constant,0.1,327,horizontal,16,u,8.10879460065156e-20,1.00381317779112e-06
constant,0.1,327,horizontal,16,v,3.79879263654999e-20,4.28591357740973e-07
constant,0.1,327,horizontal,16,w,6.61035696693057e-08,1.20622772182122e-05
constant,0.1,327,horizontal,16,eta,5.97679248161319e-19,2.07632041245425e-05
constant,0.1,327,horizontal,24,u,1.29496986122262e-19,1.00381317779112e-06
constant,0.1,327,horizontal,24,v,6.19142626506733e-20,4.28591357740973e-07
constant,0.1,327,horizontal,24,w,1.96208682469581e-08,1.20622772182122e-05
constant,0.1,327,horizontal,24,eta,8.2477765167665e-19,2.07632041245425e-05
constant,0.1,327,horizontal,32,u,5.22065089149568e-20,1.00381317779112e-06
constant,0.1,327,horizontal,32,v,1.4831473379444e-20,4.28591357740973e-07
constant,0.1,327,horizontal,32,w,8.88565983558773e-09,1.20622772182122e-05
constant,0.1,327,horizontal,32,eta,3.28599505663696e-19,2.07632041245425e-05
constant,0.1,327,horizontal,48,u,1.01563092482463e-19,1.00381317779112e-06
constant,0.1,327,horizontal,48,v,3.93754638946928e-20,4.28591357740973e-07
constant,0.1,327,horizontal,48,w,4.65520490380302e-09,1.20622772182122e-05
constant,0.1,327,horizontal,48,eta,5.81960238277105e-19,2.07632041245425e-05
constant,0.1,327,horizontal,64,u,0,1.00381317779112e-06
constant,0.1,327,horizontal,64,v,0,4.28591357740973e-07
constant,0.1,327,horizontal,64,w,0,1.20622772182122e-05
constant,0.1,327,horizontal,64,eta,0,2.07632041245425e-05
constant,0.1,327,vertical,9,u,6.5348641960162e-10,1.00381317779112e-06
constant,0.1,327,vertical,9,v,4.89792742388154e-10,4.28591357740973e-07
constant,0.1,327,vertical,9,w,3.43674958393418e-05,1.20622772182122e-05
constant,0.1,327,vertical,9,eta,2.16401395601796e-08,2.07632041245425e-05
constant,0.1,327,vertical,13,u,3.63507951270045e-13,1.00381317779112e-06
constant,0.1,327,vertical,13,v,2.81992114963693e-13,4.28591357740973e-07
constant,0.1,327,vertical,13,w,2.72945463568326e-05,1.20622772182122e-05
constant,0.1,327,vertical,13,eta,8.52458844415634e-12,2.07632041245425e-05
constant,0.1,327,vertical,17,u,5.31833934573668e-17,1.00381317779112e-06
constant,0.1,327,vertical,17,v,5.727688833479e-17,4.28591357740973e-07
constant,0.1,327,vertical,17,w,2.28877970019226e-05,1.20622772182122e-05
constant,0.1,327,vertical,17,eta,1.18402834025458e-15,2.07632041245425e-05
constant,0.1,327,vertical,25,u,2.50507426179105e-18,1.00381317779112e-06
constant,0.1,327,vertical,25,v,1.46787791503916e-18,4.28591357740973e-07
constant,0.1,327,vertical,25,w,1.73726726139242e-05,1.20622772182122e-05
constant,0.1,327,vertical,25,eta,1.89109550123843e-16,2.07632041245425e-05
constant,0.1,327,vertical,33,u,2.49641271199394e-18,1.00381317779112e-06
constant,0.1,327,vertical,33,v,1.46478840297812e-18,4.28591357740973e-07
constant,0.1,327,vertical,33,w,1.38537197118797e-05,1.20622772182122e-05
constant,0.1,327,vertical,33,eta,1.88834975897447e-16,2.07632041245425e-05
constant,0.1,327,vertical,49,u,2.51241274024011e-18,1.00381317779112e-06
constant,0.1,327,vertical,49,v,1.48040883623797e-18,4.28591357740973e-07
constant,0.1,327,vertical,49,w,9.33105016954443e-06,1.20622772182122e-05
constant,0.1,327,vertical,49,eta,1.89436693493884e-16,2.07632041245425e-05
constant,0.1,327,vertical,65,u,2.51673754403569e-18,1.00381317779112e-06
constant,0.1,327,vertical,65,v,1.49703909773945e-18,4.28591357740973e-07
constant,0.1,327,vertical,65,w,6.45177371315621e-06,1.20622772182122e-05
constant,0.1,327,vertical,65,eta,1.8748867170179e-16,2.07632041245425e-05
constant,0.1,327,vertical,97,u,2.63857930968067e-18,1.00381317779112e-06
constant,0.1,327,vertical,97,v,1.60791569455777e-18,4.28591357740973e-07
constant,0.1,327,vertical,97,w,3.62467343606987e-06,1.20622772182122e-05
constant,0.1,327,vertical,97,eta,1.90463555033816e-16,2.07632041245425e-05
constant,0.1,327,vertical,129,u,3.00235144574633e-18,1.00381317779112e-06
constant,0.1,327,vertical,129,v,1.84216580360752e-18,4.28591357740973e-07
constant,0.1,327,vertical,129,w,1.67766657340616e-06,1.20622772182122e-05
constant,0.1,327,vertical,129,eta,1.87326601284947e-16,2.07632041245425e-05
constant,0.1,327,vertical,193,u,2.82704317832463e-18,1.00381317779112e-06
constant,0.1,327,vertical,193,v,1.62295537570215e-18,4.28591357740973e-07
constant,0.1,327,vertical,193,w,1.00199407509107e-06,1.20622772182122e-05
constant,0.1,327,vertical,193,eta,2.07378357903219e-16,2.07632041245425e-05
constant,0.1,327,vertical,257,u,0,1.00381317779112e-06
constant,0.1,327,vertical,257,v,0,4.28591357740973e-07
constant,0.1,327,vertical,257,w,0,1.20622772182122e-05
constant,0.1,327,vertical,257,eta,0,2.07632041245425e-05
constant,0.1,901,horizontal,8,u,1.93835265197803e-18,1.06943754232699e-06
constant,0.1,901,horizontal,8,v,5.21854235568403e-19,4.28895825809222e-07
constant,0.1,901,horizontal,8,w,3.64715977632551e-07,1.05073339914005e-05
constant,0.1,901,horizontal,8,eta,1.06020698993549e-17,1.61142526711617e-05
constant,0.1,901,horizontal,12,u,9.07458369561206e-20,1.06943754232699e-06
constant,0.1,901,horizontal,12,v,5.22027205713672e-20,4.28895825809222e-07
constant,0.1,901,horizontal,12,w,1.3082972222246e-07,1.05073339914005e-05
constant,0.1,901,horizontal,12,eta,1.02167755376043e-18,1.61142526711617e-05
constant,0.1,901,horizontal,16,u,3.80455860736283e-20,1.06943754232699e-06
constant,0.1,901,horizontal,16,v,1.79901965361019e-20,4.28895825809222e-07
constant,0.1,901,horizontal,16,w,4.24488481919636e-08,1.05073339914005e-05
constant,0.1,901,horizontal,16,eta,4.95037443090667e-19,1.61142526711617e-05
constant,0.1,901,horizontal,24,u,5.24500454010787e-20,1.06943754232699e-06
constant,0.1,901,horizontal,24,v,4.1490405723123e-20,4.28895825809222e-07
constant,0.1,901,horizontal,24,w,1.67861206525968e-08,1.05073339914005e-05
constant,0.1,901,horizontal,24,eta,7.51849057522537e-19,1.61142526711617e-05
constant,0.1,901,horizontal,32,u,2.15779844421825e-20,1.06943754232699e-06
constant,0.1,901,horizontal,32,v,1.27768064227904e-20,4.28895825809222e-07
constant,0.1,901,horizontal,32,w,6.77708244593567e-09,1.05073339914005e-05
constant,0.1,901,horizontal,32,eta,2.77492199858855e-19,1.61142526711617e-05
constant,0.1,901,horizontal,48,u,4.9888196981483e-20,1.06943754232699e-06
constant,0.1,901,horizontal,48,v,4.42251009492886e-20,4.28895825809222e-07
constant,0.1,901,horizontal,48,w,2.774238060582e-09,1.05073339914005e-05
constant,0.1,901,horizontal,48,eta,7.34058446285443e-19,1.61142526711617e-05
constant,0.1,901,horizontal,64,u,0,1.06943754232699e-06
constant,0.1,901,horizontal,64,v,0,4.28895825809222e-07
constant,0.1,901,horizontal,64,w,0,1.05073339914005e-05
constant,0.1,901,horizontal,64,eta,0,1.61142526711617e-05
constant,0.1,901,vertical,9,u,6.53651261859012e-10,1.06943754232699e-06
constant,0.1,901,vertical,9,v,4.90256633977296e-10,4.28895825809222e-07
constant,0.1,901,vertical,9,w,3.05786726961543e-05,1.05073339914005e-05
constant,0.1,901,vertical,9,eta,2.16507349950744e-08,1.61142526711617e-05
constant,0.1,901,vertical,13,u,3.6345044203499e-13,1.06943754232699e-06
constant,0.1,901,vertical,13,v,2.81764500718065e-13,4.28895825809222e-07
constant,0.1,901,vertical,13,w,2.43323032791092e-05,1.05073339914005e-05
constant,0.1,901,vertical,13,eta,8.51855800094449e-12,1.61142526711617e-05
constant,0.1,901,vertical,17,u,5.28330964435096e-17,1.06943754232699e-06
constant,0.1,901,vertical,17,v,5.66711118588781e-17,4.28895825809222e-07
constant,0.1,901,vertical,17,w,2.04472290573545e-05,1.05073339914005e-05
constant,0.1,901,vertical,17,eta,1.20339938540659e-15,1.61142526711617e-05
constant,0.1,901,vertical,25,u,1.70502919928698e-18,1.06943754232699e-06
constant,0.1,901,vertical,25,v,1.5500559069839e-18,4.28895825809222e-07
constant,0.1,901,vertical,25,w,1.55963800772846e-05,1.05073339914005e-05
constant,0.1,901,vertical,25,eta,2.01342601736261e-16,1.61142526711617e-05
constant,0.1,901,vertical,33,u,1.68967466959753e-18,1.06943754232699e-06
constant,0.1,901,vertical,33,v,1.54426556961663e-18,4.28895825809222e-07
constant,0.1,901,vertical,33,w,1.25100364082484e-05,1.05073339914005e-05
constant,0.1,901,vertical,33,eta,2.01056316777685e-16,1.61142526711617e-05
constant,0.1,901,vertical,49,u,1.67669037544353e-18,1.06943754232699e-06
constant,0.1,901,vertical,49,v,1.54059761771874e-18,4.28895825809222e-07
constant,0.1,901,vertical,49,w,8.55072371075939e-06,1.05073339914005e-05
constant,0.1,901,vertical,49,eta,2.01798180155801e-16,1.61142526711617e-05
constant,0.1,901,vertical,65,u,1.65867740129707e-18,1.06943754232699e-06
constant,0.1,901,vertical,65,v,1.53390295265217e-18,4.28895825809222e-07
constant,0.1,901,vertical,65,w,6.01506341947998e-06,1.05073339914005e-05
constant,0.1,901,vertical,65,eta,1.99797671212684e-16,1.61142526711617e-05
constant,0.1,901,vertical,97,u,1.89935130064479e-18,1.06943754232699e-06
constant,0.1,901,vertical,97,v,1.6040715718427e-18,4.28895825809222e-07
constant,0.1,901,vertical,97,w,3.34220337970904e-06,1.05073339914005e-05
constant,0.1,901,vertical,97,eta,2.02756251921137e-16,1.61142526711617e-05
constant,0.1,901,vertical,129,u,2.12173287377759e-18,1.06943754232699e-06
constant,0.1,901,vertical,129,v,1.84567248998469e-18,4.28895825809222e-07
constant,0.1,901,vertical,129,w,1.67460376379935e-06,1.05073339914005e-05
constant,0.1,901,vertical,129,eta,1.99999837948295e-16,1.61142526711617e-05
constant,0.1,901,vertical,193,u,1.96562057868371e-18,1.06943754232699e-06
constant,0.1,901,vertical,193,v,1.54095182791182e-18,4.28895825809222e-07
constant,0.1,901,vertical,193,w,8.81427628372068e-07,1.05073339914005e-05
constant,0.1,901,vertical,193,eta,2.20358077174247e-16,1.61142526711617e-05
constant,0.1,901,vertical,257,u,0,1.06943754232699e-06
constant,0.1,901,vertical,257,v,0,4.28895825809222e-07
constant,0.1,901,vertical,257,w,0,1.05073339914005e-05
constant,0.1,901,vertical,257,eta,0,1.61142526711617e-05
constant,1,327,horizontal,8,u,2.78337654403296e-13,0.000100399538512245
constant,1,327,horizontal,8,v,7.74735427111853e-14,4.28615528711019e-05
constant,1,327,horizontal,8,w,7.31658244758323e-06,0.000195072629438319
constant,1,327,horizontal,8,eta,1.57258612569324e-12,0.00207737668423066
constant,1,327,horizontal,12,u,1.57694277300768e-17,0.000100399538512245
constant,1,327,horizontal,12,v,6.29500833580573e-18,4.28615528711019e-05
constant,1,327,horizontal,12,w,2.3089803657499e-06,0.000195072629438319
constant,1,327,horizontal,12,eta,9.07380113772957e-17,0.00207737668423066
constant,1,327,horizontal,16,u,8.24050683571848e-18,0.000100399538512245
constant,1,327,horizontal,16,v,3.193709321074e-18,4.28615528711019e-05
constant,1,327,horizontal,16,w,9.9404438628888e-07,0.000195072629438319
constant,1,327,horizontal,16,eta,5.70916700682986e-17,0.00207737668423066
constant,1,327,horizontal,24,u,1.11421783632085e-17,0.000100399538512245
constant,1,327,horizontal,24,v,4.17269924821552e-18,4.28615528711019e-05
constant,1,327,horizontal,24,w,2.97040200104929e-07,0.000195072629438319
constant,1,327,horizontal,24,eta,6.53447927146249e-17,0.00207737668423066
constant,1,327,horizontal,32,u,7.08770227851005e-18,0.000100399538512245
constant,1,327,horizontal,32,v,2.46556764123057e-18,4.28615528711019e-05
constant,1,327,horizontal,32,w,1.46222856654436e-07,0.000195072629438319
constant,1,327,horizontal,32,eta,4.66859740855282e-17,0.00207737668423066
constant,1,327,horizontal,48,u,1.22116770653305e-17,0.000100399538512245
constant,1,327,horizontal,48,v,3.88626316250104e-18,4.28615528711019e-05
constant,1,327,horizontal,48,w,6.04555223227891e-08,0.000195072629438319
constant,1,327,horizontal,48,eta,6.04275045543547e-17,0.00207737668423066
constant,1,327,horizontal,64,u,0,0.000100399538512245
constant,1,327,horizontal,64,v,0,4.28615528711019e-05
constant,1,327,horizontal,64,w,0,0.000195072629438319
constant,1,327,horizontal,64,eta,0,0.00207737668423066
constant,1,327,vertical,9,u,6.5348883597854e-08,0.000100399538512245
constant,1,327,vertical,9,v,4.89793980226674e-08,4.28615528711019e-05
constant,1,327,vertical,9,w,0.000292600725746806,0.000195072629438319
constant,1,327,vertical,9,eta,2.16401843806838e-06,0.00207737668423066
constant,1,327,vertical,13,u,3.63509289780326e-11,0.000100399538512245
constant,1,327,vertical,13,v,2.81992825493267e-11,4.28615528711019e-05
constant,1,327,vertical,13,w,0.000208992890815193,0.000195072629438319
constant,1,327,vertical,13,eta,8.52461940983155e-10,0.00207737668423066
constant,1,327,vertical,17,u,5.31673469058374e-15,0.000100399538512245
constant,1,327,vertical,17,v,5.72771836449732e-15,4.28615528711019e-05
constant,1,327,vertical,17,w,0.000154349965450683,0.000195072629438319
constant,1,327,vertical,17,eta,1.18401266585285e-13,0.00207737668423066
constant,1,327,vertical,25,u,2.36497478456839e-16,0.000100399538512245
constant,1,327,vertical,25,v,1.46084314168711e-16,4.28615528711019e-05
constant,1,327,vertical,25,w,8.69213646262337e-05,0.000195072629438319
constant,1,327,vertical,25,eta,1.89277349513576e-14,0.00207737668423066
constant,1,327,vertical,33,u,2.35648462256201e-16,0.000100399538512245
constant,1,327,vertical,33,v,1.45634179120782e-16,4.28615528711019e-05
constant,1,327,vertical,33,w,5.64488964940132e-05,0.000195072629438319
constant,1,327,vertical,33,eta,1.8900427484962e-14,0.00207737668423066
constant,1,327,vertical,49,u,2.36705917949267e-16,0.000100399538512245
constant,1,327,vertical,49,v,1.47199281795822e-16,4.28615528711019e-05
constant,1,327,vertical,49,w,2.07931282958016e-05,0.000195072629438319
constant,1,327,vertical,49,eta,1.89610113092198e-14,0.00207737668423066
constant,1,327,vertical,65,u,2.36763485721416e-16,0.000100399538512245
constant,1,327,vertical,65,v,1.48944080863748e-16,4.28615528711019e-05
constant,1,327,vertical,65,w,1.42139293937586e-05,0.000195072629438319
constant,1,327,vertical,65,eta,1.87678735333224e-14,0.00207737668423066
constant,1,327,vertical,97,u,2.51098870732189e-16,0.000100399538512245
constant,1,327,vertical,97,v,1.59752604254808e-16,4.28615528711019e-05
constant,1,327,vertical,97,w,5.99635001835916e-06,0.000195072629438319
constant,1,327,vertical,97,eta,1.90661914538102e-14,0.00207737668423066
constant,1,327,vertical,129,u,2.85055944330417e-16,0.000100399538512245
constant,1,327,vertical,129,v,1.84402176655923e-16,4.28615528711019e-05
constant,1,327,vertical,129,w,3.29847147535233e-06,0.000195072629438319
constant,1,327,vertical,129,eta,1.87478264883088e-14,0.00207737668423066
constant,1,327,vertical,193,u,2.61965332975596e-16,0.000100399538512245
constant,1,327,vertical,193,v,1.61755750921904e-16,4.28615528711019e-05
constant,1,327,vertical,193,w,1.28636120937159e-06,0.000195072629438319
constant,1,327,vertical,193,eta,2.07679185892031e-14,0.00207737668423066
constant,1,327,vertical,257,u,0,0.000100399538512245
constant,1,327,vertical,257,v,0,4.28615528711019e-05
constant,1,327,vertical,257,w,0,0.000195072629438319
constant,1,327,vertical,257,eta,0,0.00207737668423066
constant,1,901,horizontal,8,u,1.93681111089388e-13,0.000106960771201189
constant,1,901,horizontal,8,v,5.20301392714456e-14,4.28914953634254e-05
constant,1,901,horizontal,8,w,6.01361576300943e-06,0.000172245404976991
constant,1,901,horizontal,8,eta,1.057117240878e-12,0.00161220678379995
constant,1,901,horizontal,12,u,6.52354131742087e-18,0.000106960771201189
constant,1,901,horizontal,12,v,6.13927407432628e-18,4.28914953634254e-05
constant,1,901,horizontal,12,w,2.01394418850603e-06,0.000172245404976991
constant,1,901,horizontal,12,eta,9.85289215958871e-17,0.00161220678379995
constant,1,901,horizontal,16,u,4.51646631090835e-18,0.000106960771201189
constant,1,901,horizontal,16,v,4.117841140273e-18,4.28914953634254e-05
constant,1,901,horizontal,16,w,6.49089122122691e-07,0.000172245404976991
constant,1,901,horizontal,16,eta,6.71976849963963e-17,0.00161220678379995
constant,1,901,horizontal,24,u,7.05817531707328e-18,0.000106960771201189
constant,1,901,horizontal,24,v,3.1997868441146e-18,4.28914953634254e-05
constant,1,901,horizontal,24,w,2.54476115903203e-07,0.000172245404976991
constant,1,901,horizontal,24,eta,7.10422249831445e-17,0.00161220678379995
constant,1,901,horizontal,32,u,2.29630111200273e-18,0.000106960771201189
constant,1,901,horizontal,32,v,1.47297083457828e-18,4.28914953634254e-05
constant,1,901,horizontal,32,w,1.1921137063542e-07,0.000172245404976991
constant,1,901,horizontal,32,eta,3.36440889410737e-17,0.00161220678379995
constant,1,901,horizontal,48,u,3.8648050758634e-18,0.000106960771201189
constant,1,901,horizontal,48,v,1.76238822892929e-18,4.28914953634254e-05
constant,1,901,horizontal,48,w,4.76980968515981e-08,0.000172245404976991
constant,1,901,horizontal,48,eta,4.24164306015259e-17,0.00161220678379995
constant,1,901,horizontal,64,u,0,0.000106960771201189
constant,1,901,horizontal,64,v,0,4.28914953634254e-05
constant,1,901,horizontal,64,w,0,0.000172245404976991
constant,1,901,horizontal,64,eta,0,0.00161220678379995
constant,1,901,vertical,9,u,6.53653176213875e-08,0.000106960771201189
constant,1,901,vertical,9,v,4.90257361937485e-08,4.28914953634254e-05
constant,1,901,vertical,9,w,0.000263066885904924,0.000172245404976991
constant,1,901,vertical,9,eta,2.16508334572293e-06,0.00161220678379995
constant,1,901,vertical,13,u,3.63451496929628e-11,0.000106960771201189
constant,1,901,vertical,13,v,2.81764906563746e-11,4.28914953634254e-05
constant,1,901,vertical,13,w,0.000189825646479364,0.000172245404976991
constant,1,901,vertical,13,eta,8.51858401979886e-10,0.00161220678379995
constant,1,901,vertical,17,u,5.28233804853542e-15,0.000106960771201189
constant,1,901,vertical,17,v,5.66594254682682e-15,4.28914953634254e-05
constant,1,901,vertical,17,w,0.000142002049487793,0.000172245404976991
constant,1,901,vertical,17,eta,1.20341520743784e-13,0.00161220678379995
constant,1,901,vertical,25,u,1.69164709568834e-16,0.000106960771201189
constant,1,901,vertical,25,v,1.49856470658148e-16,4.28914953634254e-05
constant,1,901,vertical,25,w,8.2016815686688e-05,0.000172245404976991
constant,1,901,vertical,25,eta,2.01117807309626e-14,0.00161220678379995
constant,1,901,vertical,33,u,1.67545403127953e-16,0.000106960771201189
constant,1,901,vertical,33,v,1.49229935009188e-16,4.28914953634254e-05
constant,1,901,vertical,33,w,5.41311565314467e-05,0.000172245404976991
constant,1,901,vertical,33,eta,2.00818394769431e-14,0.00161220678379995
constant,1,901,vertical,49,u,1.65935165011933e-16,0.000106960771201189
constant,1,901,vertical,49,v,1.48793844322609e-16,4.28914953634254e-05
constant,1,901,vertical,49,w,2.04871707685543e-05,0.000172245404976991
constant,1,901,vertical,49,eta,2.01555021153251e-14,0.00161220678379995
constant,1,901,vertical,65,u,1.63625493164429e-16,0.000106960771201189
constant,1,901,vertical,65,v,1.48185168936028e-16,4.28914953634254e-05
constant,1,901,vertical,65,w,1.36942465288393e-05,0.000172245404976991
constant,1,901,vertical,65,eta,1.99559603697193e-14,0.00161220678379995
constant,1,901,vertical,97,u,1.87530563642262e-16,0.000106960771201189
constant,1,901,vertical,97,v,1.56255398674362e-16,4.28914953634254e-05
constant,1,901,vertical,97,w,6.17744680578059e-06,0.000172245404976991
constant,1,901,vertical,97,eta,2.02631089099626e-14,0.00161220678379995
constant,1,901,vertical,129,u,2.08914174524115e-16,0.000106960771201189
constant,1,901,vertical,129,v,1.79917105923377e-16,4.28914953634254e-05
constant,1,901,vertical,129,w,3.4168378243841e-06,0.000172245404976991
constant,1,901,vertical,129,eta,1.99748574723947e-14,0.00161220678379995
constant,1,901,vertical,193,u,1.92351239757963e-16,0.000106960771201189
constant,1,901,vertical,193,v,1.51420000460023e-16,4.28914953634254e-05
constant,1,901,vertical,193,w,1.3209872625003e-06,0.000172245404976991
constant,1,901,vertical,193,eta,2.20133177850935e-14,0.00161220678379995
constant,1,901,vertical,257,u,0,0.000106960771201189
constant,1,901,vertical,257,v,0,4.28914953634254e-05
constant,1,901,vertical,257,w,0,0.000172245404976991
constant,1,901,vertical,257,eta,0,0.00161220678379995
exponential,0.01,327,horizontal,8,u,1.20047650301499e-20,2.38238079512419e-08
exponential,0.01,327,horizontal,8,v,6.78388777500212e-21,1.41898476306197e-08
exponential,0.01,327,horizontal,8,w,3.81236807112705e-08,1.11206770838721e-06
exponential,0.01,327,horizontal,8,eta,5.69147631332376e-20,4.92558140026517e-07
exponential,0.01,327,horizontal,12,u,1.54745794651914e-20,2.38238079512419e-08
exponential,0.01,327,horizontal,12,v,1.01365368468149e-20,1.41898476306197e-08
exponential,0.01,327,horizontal,12,w,1.34674075804997e-08,1.11206770838721e-06
exponential,0.01,327,horizontal,12,eta,7.65951806086042e-20,4.92558140026517e-07
exponential,0.01,327,horizontal,16,u,8.09932210689657e-21,2.38238079512419e-08
exponential,0.01,327,horizontal,16,v,2.72986849709335e-21,1.41898476306197e-08
exponential,0.01,327,horizontal,16,w,5.31712994911956e-09,1.11206770838721e-06
exponential,0.01,327,horizontal,16,eta,3.45668723739703e-20,4.92558140026517e-07
exponential,0.01,327,horizontal,24,u,1.17306511405581e-20,2.38238079512419e-08
exponential,0.01,327,horizontal,24,v,7.27263657970393e-21,1.41898476306197e-08
exponential,0.01,327,horizontal,24,w,1.72206942523828e-09,1.11206770838721e-06
exponential,0.01,327,horizontal,24,eta,6.14910844227106e-20,4.92558140026517e-07
exponential,0.01,327,horizontal,32,u,4.15958281790261e-21,2.38238079512419e-08
exponential,0.01,327,horizontal,32,v,1.66700458591148e-21,1.41898476306197e-08
exponential,0.01,327,horizontal,32,w,7.59156867475215e-10,1.11206770838721e-06
exponential,0.01,327,horizontal,32,eta,2.06095895735511e-20,4.92558140026517e-07
exponential,0.01,327,horizontal,48,u,5.89760173223493e-21,2.38238079512419e-08
exponential,0.01,327,horizontal,48,v,3.22493388317742e-21,1.41898476306197e-08
exponential,0.01,327,horizontal,48,w,3.61755698291952e-10,1.11206770838721e-06
exponential,0.01,327,horizontal,48,eta,3.26469760517548e-20,4.92558140026517e-07
exponential,0.01,327,horizontal,64,u,0,2.38238079512419e-08
exponential,0.01,327,horizontal,64,v,0,1.41898476306197e-08
exponential,0.01,327,horizontal,64,w,0,1.11206770838721e-06
exponential,0.01,327,horizontal,64,eta,0,4.92558140026517e-07
exponential,0.01,327,vertical,9,u,1.4553520109377e-11,2.38238079512419e-08
exponential,0.01,327,vertical,9,v,1.48276059671849e-11,1.41898476306197e-08
exponential,0.01,327,vertical,9,w,5.06073003917596e-06,1.11206770838721e-06
exponential,0.01,327,vertical,9,eta,1.2281718746983e-09,4.92558140026517e-07
exponential,0.01,327,vertical,13,u,7.94000875681716e-15,2.38238079512419e-08
exponential,0.01,327,vertical,13,v,8.07295875894698e-15,1.41898476306197e-08
exponential,0.01,327,vertical,13,w,4.10806645132353e-06,1.11206770838721e-06
exponential,0.01,327,vertical,13,eta,5.31149965564451e-13,4.92558140026517e-07
exponential,0.01,327,vertical,17,u,1.12472913091933e-18,2.38238079512419e-08
exponential,0.01,327,vertical,17,v,1.14649215704059e-18,1.41898476306197e-08
exponential,0.01,327,vertical,17,w,3.52666348344681e-06,1.11206770838721e-06
exponential,0.01,327,vertical,17,eta,6.30615874859501e-17,4.92558140026517e-07
exponential,0.01,327,vertical,25,u,1.53494353328523e-19,2.38238079512419e-08
exponential,0.01,327,vertical,25,v,6.56312174857677e-20,1.41898476306197e-08
exponential,0.01,327,vertical,25,w,2.81992104006284e-06,1.11206770838721e-06
exponential,0.01,327,vertical,25,eta,2.08792582054153e-17,4.92558140026517e-07
exponential,0.01,327,vertical,33,u,1.50713154086383e-19,2.38238079512419e-08
exponential,0.01,327,vertical,33,v,6.5379943928473e-20,1.41898476306197e-08
exponential,0.01,327,vertical,33,w,2.38605523462366e-06,1.11206770838721e-06
exponential,0.01,327,vertical,33,eta,2.08779885984886e-17,4.92558140026517e-07
exponential,0.01,327,vertical,49,u,1.4522443117073e-19,2.38238079512419e-08
exponential,0.01,327,vertical,49,v,6.47385267046797e-20,1.41898476306197e-08
exponential,0.01,327,vertical,49,w,1.85157433430592e-06,1.11206770838721e-06
exponential,0.01,327,vertical,49,eta,2.08787162642099e-17,4.92558140026517e-07
exponential,0.01,327,vertical,65,u,1.33615095281709e-19,2.38238079512419e-08
exponential,0.01,327,vertical,65,v,6.40502361845686e-20,1.41898476306197e-08
exponential,0.01,327,vertical,65,w,1.51633664919752e-06,1.11206770838721e-06
exponential,0.01,327,vertical,65,eta,2.08841345753023e-17,4.92558140026517e-07
exponential,0.01,327,vertical,97,u,1.06910428536077e-19,2.38238079512419e-08
exponential,0.01,327,vertical,97,v,6.22562957087866e-20,1.41898476306197e-08
exponential,0.01,327,vertical,97,w,1.0907211862743e-06,1.11206770838721e-06
exponential,0.01,327,vertical,97,eta,2.09250650029938e-17,4.92558140026517e-07
exponential,0.01,327,vertical,129,u,1.00647049250252e-19,2.38238079512419e-08
exponential,0.01,327,vertical,129,v,6.23862470439719e-20,1.41898476306197e-08
exponential,0.01,327,vertical,129,w,8.14765852114835e-07,1.11206770838721e-06
exponential,0.01,327,vertical,129,eta,2.07143363296067e-17,4.92558140026517e-07
exponential,0.01,327,vertical,193,u,1.02768172993147e-19,2.38238079512419e-08
exponential,0.01,327,vertical,193,v,6.56476747941182e-20,1.41898476306197e-08
exponential,0.01,327,vertical,193,w,4.66804898002775e-07,1.11206770838721e-06
exponential,0.01,327,vertical,193,eta,2.07059376726674e-17,4.92558140026517e-07
exponential,0.01,327,vertical,257,u,1.01326762646804e-19,2.38238079512419e-08
exponential,0.01,327,vertical,257,v,6.36895217304433e-20,1.41898476306197e-08
exponential,0.01,327,vertical,257,w,2.99325838227378e-07,1.11206770838721e-06
exponential,0.01,327,vertical,257,eta,2.29242511045796e-17,4.92558140026517e-07
exponential,0.01,901,horizontal,8,u,2.28245229069401e-20,2.46838335525947e-08
exponential,0.01,901,horizontal,8,v,1.482027936121e-20,1.78614543390406e-08
exponential,0.01,901,horizontal,8,w,4.28893167485156e-08,1.23976007101121e-06
exponential,0.01,901,horizontal,8,eta,1.59324325270976e-19,5.26817907701344e-07
exponential,0.01,901,horizontal,12,u,3.90336857059407e-20,2.46838335525947e-08
exponential,0.01,901,horizontal,12,v,4.78891219710967e-20,1.78614543390406e-08
exponential,0.01,901,horizontal,12,w,1.29187939075785e-08,1.23976007101121e-06
exponential,0.01,901,horizontal,12,eta,3.27471288144049e-19,5.26817907701344e-07
exponential,0.01,901,horizontal,16,u,2.12511429618585e-20,2.46838335525947e-08
exponential,0.01,901,horizontal,16,v,1.57369047441069e-20,1.78614543390406e-08
exponential,0.01,901,horizontal,16,w,4.61042609738968e-09,1.23976007101121e-06
exponential,0.01,901,horizontal,16,eta,1.22392650127141e-19,5.26817907701344e-07
exponential,0.01,901,horizontal,24,u,2.34233442667891e-20,2.46838335525947e-08
exponential,0.01,901,horizontal,24,v,1.77237310256872e-20,1.78614543390406e-08
exponential,0.01,901,horizontal,24,w,1.78184511439993e-09,1.23976007101121e-06
exponential,0.01,901,horizontal,24,eta,1.5821171093878e-19,5.26817907701344e-07
exponential,0.01,901,horizontal,32,u,1.28762469917698e-20,2.46838335525947e-08
exponential,0.01,901,horizontal,32,v,5.52075066622952e-21,1.78614543390406e-08
exponential,0.01,901,horizontal,32,w,8.48215481067558e-10,1.23976007101121e-06
exponential,0.01,901,horizontal,32,eta,6.86413750253646e-20,5.26817907701344e-07
exponential,0.01,901,horizontal,48,u,1.97269433424481e-20,2.46838335525947e-08
exponential,0.01,901,horizontal,48,v,2.86979366997525e-20,1.78614543390406e-08
exponential,0.01,901,horizontal,48,w,2.86926388152864e-10,1.23976007101121e-06
exponential,0.01,901,horizontal,48,eta,1.98337932454195e-19,5.26817907701344e-07
exponential,0.01,901,horizontal,64,u,0,2.46838335525947e-08
exponential,0.01,901,horizontal,64,v,0,1.78614543390406e-08
exponential,0.01,901,horizontal,64,w,0,1.23976007101121e-06
exponential,0.01,901,horizontal,64,eta,0,5.26817907701344e-07
exponential,0.01,901,vertical,9,u,2.05684415637197e-11,2.46838335525947e-08
exponential,0.01,901,vertical,9,v,2.09192738842388e-11,1.78614543390406e-08
exponential,0.01,901,vertical,9,w,6.34671711774074e-06,1.23976007101121e-06
exponential,0.01,901,vertical,9,eta,1.7327838516634e-09,5.26817907701344e-07
exponential,0.01,901,vertical,13,u,1.1201903310209e-14,2.46838335525947e-08
exponential,0.01,901,vertical,13,v,1.13830402474239e-14,1.78614543390406e-08
exponential,0.01,901,vertical,13,w,5.1541023503624e-06,1.23976007101121e-06
exponential,0.01,901,vertical,13,eta,7.49208770700028e-13,5.26817907701344e-07
exponential,0.01,901,vertical,17,u,1.9024848395536e-18,2.46838335525947e-08
exponential,0.01,901,vertical,17,v,1.92566257065748e-18,1.78614543390406e-08
exponential,0.01,901,vertical,17,w,4.42656703269054e-06,1.23976007101121e-06
exponential,0.01,901,vertical,17,eta,1.06494951162165e-16,5.26817907701344e-07
exponential,0.01,901,vertical,25,u,8.38059266736862e-19,2.46838335525947e-08
exponential,0.01,901,vertical,25,v,9.07292381394717e-19,1.78614543390406e-08
exponential,0.01,901,vertical,25,w,3.54274121143215e-06,1.23976007101121e-06
exponential,0.01,901,vertical,25,eta,7.02417152163874e-17,5.26817907701344e-07
exponential,0.01,901,vertical,33,u,8.35554280489141e-19,2.46838335525947e-08
exponential,0.01,901,vertical,33,v,9.07066536894059e-19,1.78614543390406e-08
exponential,0.01,901,vertical,33,w,3.00066639123949e-06,1.23976007101121e-06
exponential,0.01,901,vertical,33,eta,7.02447228938995e-17,5.26817907701344e-07
exponential,0.01,901,vertical,49,u,8.30709701308755e-19,2.46838335525947e-08
exponential,0.01,901,vertical,49,v,9.07163514977101e-19,1.78614543390406e-08
exponential,0.01,901,vertical,49,w,2.33382109083384e-06,1.23976007101121e-06
exponential,0.01,901,vertical,49,eta,7.02300626618281e-17,5.26817907701344e-07
exponential,0.01,901,vertical,65,u,8.17643182157968e-19,2.46838335525947e-08
exponential,0.01,901,vertical,65,v,9.05637027246034e-19,1.78614543390406e-08
exponential,0.01,901,vertical,65,w,1.91645134462562e-06,1.23976007101121e-06
exponential,0.01,901,vertical,65,eta,7.02518963955794e-17,5.26817907701344e-07
exponential,0.01,901,vertical,97,u,7.79719830439086e-19,2.46838335525947e-08
exponential,0.01,901,vertical,97,v,9.01826273184005e-19,1.78614543390406e-08
exponential,0.01,901,vertical,97,w,1.38831096828522e-06,1.23976007101121e-06
exponential,0.01,901,vertical,97,eta,7.02105901252251e-17,5.26817907701344e-07
exponential,0.01,901,vertical,129,u,7.63919621200654e-19,2.46838335525947e-08
exponential,0.01,901,vertical,129,v,9.02766028462813e-19,1.78614543390406e-08
exponential,0.01,901,vertical,129,w,1.04752338707005e-06,1.23976007101121e-06
exponential,0.01,901,vertical,129,eta,6.99440829442712e-17,5.26817907701344e-07
exponential,0.01,901,vertical,193,u,7.63247346254203e-19,2.46838335525947e-08
exponential,0.01,901,vertical,193,v,9.04997165160279e-19,1.78614543390406e-08
exponential,0.01,901,vertical,193,w,6.19130700452157e-07,1.23976007101121e-06
exponential,0.01,901,vertical,193,eta,7.02817711744335e-17,5.26817907701344e-07
exponential,0.01,901,vertical,257,u,7.3982053177105e-19,2.46838335525947e-08
exponential,0.01,901,vertical,257,v,8.87753159614586e-19,1.78614543390406e-08
exponential,0.01,901,vertical,257,w,4.06069415469234e-07,1.23976007101121e-06
exponential,0.01,901,vertical,257,eta,7.27710071327029e-17,5.26817907701344e-07
exponential,0.1,327,horizontal,8,u,5.15499620073491e-18,1.68663970909629e-06
exponential,0.1,327,horizontal,8,v,1.96878396387808e-18,1.00483475868781e-06
exponential,0.1,327,horizontal,8,w,4.83858133497514e-07,1.71059042148707e-05
exponential,0.1,327,horizontal,8,eta,2.65538096432797e-17,3.48307079325988e-05
exponential,0.1,327,horizontal,12,u,3.24880850806125e-19,1.68663970909629e-06
exponential,0.1,327,horizontal,12,v,1.22446442357238e-19,1.00483475868781e-06
exponential,0.1,327,horizontal,12,w,1.431974563346e-07,1.71059042148707e-05
exponential,0.1,327,horizontal,12,eta,1.41821190617562e-18,3.48307079325988e-05
exponential,0.1,327,horizontal,16,u,2.18435020522077e-19,1.68663970909629e-06
exponential,0.1,327,horizontal,16,v,7.09856865316743e-20,1.00483475868781e-06
exponential,0.1,327,horizontal,16,w,5.96711372398642e-08,1.71059042148707e-05
exponential,0.1,327,horizontal,16,eta,9.30615436760137e-19,3.48307079325988e-05
exponential,0.1,327,horizontal,24,u,1.89478099183749e-19,1.68663970909629e-06
exponential,0.1,327,horizontal,24,v,9.01998604649508e-20,1.00483475868781e-06
exponential,0.1,327,horizontal,24,w,1.35242164091904e-08,1.71059042148707e-05
exponential,0.1,327,horizontal,24,eta,1.02466265993921e-18,3.48307079325988e-05
exponential,0.1,327,horizontal,32,u,1.71753224329304e-19,1.68663970909629e-06
exponential,0.1,327,horizontal,32,v,6.19533019158992e-20,1.00483475868781e-06
exponential,0.1,327,horizontal,32,w,9.56711780631965e-09,1.71059042148707e-05
exponential,0.1,327,horizontal,32,eta,6.1886349967515e-19,3.48307079325988e-05
exponential,0.1,327,horizontal,48,u,1.52641703760695e-19,1.68663970909629e-06
exponential,0.1,327,horizontal,48,v,7.6998915370458e-20,1.00483475868781e-06
exponential,0.1,327,horizontal,48,w,4.26550864942538e-09,1.71059042148707e-05
exponential,0.1,327,horizontal,48,eta,7.73062625315243e-19,3.48307079325988e-05
exponential,0.1,327,horizontal,64,u,0,1.68663970909629e-06
exponential,0.1,327,horizontal,64,v,0,1.00483475868781e-06
exponential,0.1,327,horizontal,64,w,0,1.71059042148707e-05
exponential,0.1,327,horizontal,64,eta,0,3.48307079325988e-05
exponential,0.1,327,vertical,9,u,1.03409081617426e-09,1.68663970909629e-06
exponential,0.1,327,vertical,9,v,1.05368935343194e-09,1.00483475868781e-06
exponential,0.1,327,vertical,9,w,3.39486760094447e-05,1.71059042148707e-05
exponential,0.1,327,vertical,9,eta,8.72744674941635e-08,3.48307079325988e-05
exponential,0.1,327,vertical,13,u,5.64570308529312e-13,1.68663970909629e-06
exponential,0.1,327,vertical,13,v,5.74135040802967e-13,1.00483475868781e-06
exponential,0.1,327,vertical,13,w,2.67687283238256e-05,1.71059042148707e-05
exponential,0.1,327,vertical,13,eta,3.77702685430781e-11,3.48307079325988e-05
exponential,0.1,327,vertical,17,u,7.89996459848708e-17,1.68663970909629e-06
exponential,0.1,327,vertical,17,v,8.1178808160296e-17,1.00483475868781e-06
exponential,0.1,327,vertical,17,w,2.22679608772658e-05,1.71059042148707e-05
exponential,0.1,327,vertical,17,eta,4.3581989183132e-15,3.48307079325988e-05
exponential,0.1,327,vertical,25,u,8.19225426333952e-18,1.68663970909629e-06
exponential,0.1,327,vertical,25,v,2.54786665592129e-18,1.00483475868781e-06
exponential,0.1,327,vertical,25,w,1.65892397824543e-05,1.71059042148707e-05
exponential,0.1,327,vertical,25,eta,3.42778322561766e-16,3.48307079325988e-05
exponential,0.1,327,vertical,33,u,7.90119257187347e-18,1.68663970909629e-06
exponential,0.1,327,vertical,33,v,2.50503735665198e-18,1.00483475868781e-06
exponential,0.1,327,vertical,33,w,1.29333277851235e-05,1.71059042148707e-05
exponential,0.1,327,vertical,33,eta,3.42507615143344e-16,3.48307079325988e-05
exponential,0.1,327,vertical,49,u,7.28197273607211e-18,1.68663970909629e-06
exponential,0.1,327,vertical,49,v,2.39512815242914e-18,1.00483475868781e-06
exponential,0.1,327,vertical,49,w,8.22867967430874e-06,1.71059042148707e-05
exponential,0.1,327,vertical,49,eta,3.44242663293789e-16,3.48307079325988e-05
exponential,0.1,327,vertical,65,u,5.95827949078496e-18,1.68663970909629e-06
exponential,0.1,327,vertical,65,v,2.24645154122084e-18,1.00483475868781e-06
exponential,0.1,327,vertical,65,w,5.3753129237755e-06,1.71059042148707e-05
exponential,0.1,327,vertical,65,eta,3.41540954601303e-16,3.48307079325988e-05
exponential,0.1,327,vertical,97,u,2.26593812049305e-18,1.68663970909629e-06
exponential,0.1,327,vertical,97,v,1.87820480336773e-18,1.00483475868781e-06
exponential,0.1,327,vertical,97,w,2.55891437512299e-06,1.71059042148707e-05
exponential,0.1,327,vertical,97,eta,3.44526659616688e-16,3.48307079325988e-05
exponential,0.1,327,vertical,129,u,1.75636063497532e-18,1.68663970909629e-06
exponential,0.1,327,vertical,129,v,1.8884298500363e-18,1.00483475868781e-06
exponential,0.1,327,vertical,129,w,1.33501385393094e-06,1.71059042148707e-05
exponential,0.1,327,vertical,129,eta,3.93135416153027e-16,3.48307079325988e-05
exponential,0.1,327,vertical,193,u,1.87595889295089e-18,1.68663970909629e-06
exponential,0.1,327,vertical,193,v,2.16945314877365e-18,1.00483475868781e-06
exponential,0.1,327,vertical,193,w,6.64953030847497e-07,1.71059042148707e-05
exponential,0.1,327,vertical,193,eta,3.5593647703272e-16,3.48307079325988e-05
exponential,0.1,327,vertical,257,u,0,1.68663970909629e-06
exponential,0.1,327,vertical,257,v,0,1.00483475868781e-06
exponential,0.1,327,vertical,257,w,0,1.71059042148707e-05
exponential,0.1,327,vertical,257,eta,0,3.48307079325988e-05
exponential,0.1,901,horizontal,8,u,2.36948006122822e-18,1.23612016366853e-06
exponential,0.1,901,horizontal,8,v,1.06058391773909e-18,8.95062724228224e-07
exponential,0.1,901,horizontal,8,w,4.00742907620802e-07,1.53548513227629e-05
exponential,0.1,901,horizontal,8,eta,1.78359747095418e-17,2.6342055466935e-05
exponential,0.1,901,horizontal,12,u,1.8866286524997e-19,1.23612016366853e-06
exponential,0.1,901,horizontal,12,v,8.85539863826231e-20,8.95062724228224e-07
exponential,0.1,901,horizontal,12,w,1.27352554309579e-07,1.53548513227629e-05
exponential,0.1,901,horizontal,12,eta,1.62365216923939e-18,2.6342055466935e-05
exponential,0.1,901,horizontal,16,u,1.05318883439336e-19,1.23612016366853e-06
exponential,0.1,901,horizontal,16,v,6.78394303013388e-20,8.95062724228224e-07
exponential,0.1,901,horizontal,16,w,3.76313542375742e-08,1.53548513227629e-05
exponential,0.1,901,horizontal,16,eta,8.38543144189666e-19,2.6342055466935e-05
exponential,0.1,901,horizontal,24,u,2.77088816676507e-19,1.23612016366853e-06
exponential,0.1,901,horizontal,24,v,2.3574791948542e-19,8.95062724228224e-07
exponential,0.1,901,horizontal,24,w,1.62229883239533e-08,1.53548513227629e-05
exponential,0.1,901,horizontal,24,eta,1.86378109842589e-18,2.6342055466935e-05
exponential,0.1,901,horizontal,32,u,5.63778223374367e-20,1.23612016366853e-06
exponential,0.1,901,horizontal,32,v,3.2933265298673e-20,8.95062724228224e-07
exponential,0.1,901,horizontal,32,w,7.95960845387671e-09,1.53548513227629e-05
exponential,0.1,901,horizontal,32,eta,5.09447052066089e-19,2.6342055466935e-05
exponential,0.1,901,horizontal,48,u,1.07544994782588e-19,1.23612016366853e-06
exponential,0.1,901,horizontal,48,v,7.79240812946988e-20,8.95062724228224e-07
exponential,0.1,901,horizontal,48,w,3.15095521885289e-09,1.53548513227629e-05
exponential,0.1,901,horizontal,48,eta,9.22489700955846e-19,2.6342055466935e-05
exponential,0.1,901,horizontal,64,u,0,1.23612016366853e-06
exponential,0.1,901,horizontal,64,v,0,8.95062724228224e-07
exponential,0.1,901,horizontal,64,w,0,1.53548513227629e-05
exponential,0.1,901,horizontal,64,eta,0,2.6342055466935e-05
exponential,0.1,901,vertical,9,u,1.03594469116563e-09,1.23612016366853e-06
exponential,0.1,901,vertical,9,v,1.05380273959225e-09,8.95062724228224e-07
exponential,0.1,901,vertical,9,w,3.02162503532745e-05,1.53548513227629e-05
exponential,0.1,901,vertical,9,eta,8.72844248153082e-08,2.6342055466935e-05
exponential,0.1,901,vertical,13,u,5.64791476920573e-13,1.23612016366853e-06
exponential,0.1,901,vertical,13,v,5.74090755319613e-13,8.95062724228224e-07
exponential,0.1,901,vertical,13,w,2.38878288239473e-05,1.53548513227629e-05
exponential,0.1,901,vertical,13,eta,3.7779543050611e-11,2.6342055466935e-05
exponential,0.1,901,vertical,17,u,8.34256365287976e-17,1.23612016366853e-06
exponential,0.1,901,vertical,17,v,8.14688792393087e-17,8.95062724228224e-07
exponential,0.1,901,vertical,17,w,1.99294865843721e-05,1.53548513227629e-05
exponential,0.1,901,vertical,17,eta,4.37469839493057e-15,2.6342055466935e-05
exponential,0.1,901,vertical,25,u,1.06395782343295e-17,1.23612016366853e-06
exponential,0.1,901,vertical,25,v,4.82493659287508e-18,8.95062724228224e-07
exponential,0.1,901,vertical,25,w,1.49490486614725e-05,1.53548513227629e-05
exponential,0.1,901,vertical,25,eta,3.47390207788813e-16,2.6342055466935e-05
exponential,0.1,901,vertical,33,u,1.03809038097015e-17,1.23612016366853e-06
exponential,0.1,901,vertical,33,v,4.7046024107018e-18,8.95062724228224e-07
exponential,0.1,901,vertical,33,w,1.17517366827043e-05,1.53548513227629e-05
exponential,0.1,901,vertical,33,eta,3.47109041563044e-16,2.6342055466935e-05
exponential,0.1,901,vertical,49,u,9.86469880731573e-18,1.23612016366853e-06
exponential,0.1,901,vertical,49,v,4.46495156173506e-18,8.95062724228224e-07
exponential,0.1,901,vertical,49,w,7.63355095701306e-06,1.53548513227629e-05
exponential,0.1,901,vertical,49,eta,3.48853327113857e-16,2.6342055466935e-05
exponential,0.1,901,vertical,65,u,8.55031514481544e-18,1.23612016366853e-06
exponential,0.1,901,vertical,65,v,3.88849952867518e-18,8.95062724228224e-07
exponential,0.1,901,vertical,65,w,5.07712124325313e-06,1.53548513227629e-05
exponential,0.1,901,vertical,65,eta,3.46033634608115e-16,2.6342055466935e-05
exponential,0.1,901,vertical,97,u,4.58039258132759e-18,1.23612016366853e-06
exponential,0.1,901,vertical,97,v,2.32205379769322e-18,8.95062724228224e-07
exponential,0.1,901,vertical,97,w,2.56901074726126e-06,1.53548513227629e-05
exponential,0.1,901,vertical,97,eta,3.49469842685537e-16,2.6342055466935e-05
exponential,0.1,901,vertical,129,u,2.80751353545312e-18,1.23612016366853e-06
exponential,0.1,901,vertical,129,v,2.1151794737502e-18,8.95062724228224e-07
exponential,0.1,901,vertical,129,w,1.31566399993651e-06,1.53548513227629e-05
exponential,0.1,901,vertical,129,eta,3.98719016554469e-16,2.6342055466935e-05
exponential,0.1,901,vertical,193,u,2.724640396693e-18,1.23612016366853e-06
exponential,0.1,901,vertical,193,v,2.21797677708452e-18,8.95062724228224e-07
exponential,0.1,901,vertical,193,w,6.8470591675758e-07,1.53548513227629e-05
exponential,0.1,901,vertical,193,eta,3.59460184714379e-16,2.6342055466935e-05
exponential,0.1,901,vertical,257,u,0,1.23612016366853e-06
exponential,0.1,901,vertical,257,v,0,8.95062724228224e-07
exponential,0.1,901,vertical,257,w,0,1.53548513227629e-05
exponential,0.1,901,vertical,257,eta,0,2.6342055466935e-05
exponential,1,327,horizontal,8,u,5.14429120631018e-13,0.000168688486940628
exponential,1,327,horizontal,8,v,1.96458843323526e-13,0.000100488615327649
exponential,1,327,horizontal,8,w,8.12541162116621e-06,0.00114759386892928
exponential,1,327,horizontal,8,eta,2.65197193405649e-12,0.00348466817665115
exponential,1,327,horizontal,12,u,2.47129115387025e-17,0.000168688486940628
exponential,1,327,horizontal,12,v,1.24605119197808e-17,0.000100488615327649
exponential,1,327,horizontal,12,w,2.64066093118652e-06,0.00114759386892928
exponential,1,327,horizontal,12,eta,1.41950322199734e-16,0.00348466817665115
exponential,1,327,horizontal,16,u,2.27128120327332e-17,0.000168688486940628
exponential,1,327,horizontal,16,v,9.90056203835167e-18,0.000100488615327649
exponential,1,327,horizontal,16,w,1.10082498314476e-06,0.00114759386892928
exponential,1,327,horizontal,16,eta,9.99402491704507e-17,0.00348466817665115
exponential,1,327,horizontal,24,u,1.907603817831e-17,0.000168688486940628
exponential,1,327,horizontal,24,v,9.74151754456474e-18,0.000100488615327649
exponential,1,327,horizontal,24,w,3.47507786821407e-07,0.00114759386892928
exponential,1,327,horizontal,24,eta,1.10543205303861e-16,0.00348466817665115
exponential,1,327,horizontal,32,u,1.1334205399982e-17,0.000168688486940628
exponential,1,327,horizontal,32,v,3.47106979486614e-18,0.000100488615327649
exponential,1,327,horizontal,32,w,1.5364195236142e-07,0.00114759386892928
exponential,1,327,horizontal,32,eta,5.32963763719622e-17,0.00348466817665115
exponential,1,327,horizontal,48,u,2.27528851981301e-17,0.000168688486940628
exponential,1,327,horizontal,48,v,1.16161637326705e-17,0.000100488615327649
exponential,1,327,horizontal,48,w,6.55358478047423e-08,0.00114759386892928
exponential,1,327,horizontal,48,eta,9.94730650276096e-17,0.00348466817665115
exponential,1,327,horizontal,64,u,0,0.000168688486940628
exponential,1,327,horizontal,64,v,0,0.000100488615327649
exponential,1,327,horizontal,64,w,0,0.00114759386892928
exponential,1,327,horizontal,64,eta,0,0.00348466817665115
exponential,1,327,vertical,9,u,1.03409443787769e-07,0.000168688486940628
exponential,1,327,vertical,9,v,1.05369191212169e-07,0.000100488615327649
exponential,1,327,vertical,9,w,0.000277699395309309,0.00114759386892928
exponential,1,327,vertical,9,eta,8.7274698437776e-06,0.00348466817665115
exponential,1,327,vertical,13,u,5.6457241850261e-11,0.000168688486940628
exponential,1,327,vertical,13,v,5.7413648290423e-11,0.000100488615327649
exponential,1,327,vertical,13,w,0.000190297259166943,0.00114759386892928
exponential,1,327,vertical,13,eta,3.77704085850319e-09,0.00348466817665115
exponential,1,327,vertical,17,u,7.90067791108718e-15,0.000168688486940628
exponential,1,327,vertical,17,v,8.11844733114835e-15,0.000100488615327649
exponential,1,327,vertical,17,w,0.000133572427414912,0.00114759386892928
exponential,1,327,vertical,17,eta,4.35821426600629e-13,0.00348466817665115
exponential,1,327,vertical,25,u,8.14664738779015e-16,0.000168688486940628
exponential,1,327,vertical,25,v,2.53469132377585e-16,0.000100488615327649
exponential,1,327,vertical,25,w,7.23843458833959e-05,0.00114759386892928
exponential,1,327,vertical,25,eta,3.42824806349197e-14,0.00348466817665115
exponential,1,327,vertical,33,u,7.85928319687172e-16,0.000168688486940628
exponential,1,327,vertical,33,v,2.49186225053957e-16,0.000100488615327649
exponential,1,327,vertical,33,w,3.82491508661413e-05,0.00114759386892928
exponential,1,327,vertical,33,eta,3.42565486887149e-14,0.00348466817665115
exponential,1,327,vertical,49,u,7.25648213522411e-16,0.000168688486940628
exponential,1,327,vertical,49,v,2.37955788928078e-16,0.000100488615327649
exponential,1,327,vertical,49,w,1.78019961672782e-05,0.00114759386892928
exponential,1,327,vertical,49,eta,3.4431476605934e-14,0.00348466817665115
exponential,1,327,vertical,65,u,5.88785178001505e-16,0.000168688486940628
exponential,1,327,vertical,65,v,2.23536630151817e-16,0.000100488615327649
exponential,1,327,vertical,65,w,1.02918077640994e-05,0.00114759386892928
exponential,1,327,vertical,65,eta,3.41584964984811e-14,0.00348466817665115
exponential,1,327,vertical,97,u,2.21683410049103e-16,0.000168688486940628
exponential,1,327,vertical,97,v,1.87520717273558e-16,0.000100488615327649
exponential,1,327,vertical,97,w,4.64206635677642e-06,0.00114759386892928
exponential,1,327,vertical,97,eta,3.44497771610532e-14,0.00348466817665115
exponential,1,327,vertical,129,u,1.79293558919285e-16,0.000168688486940628
exponential,1,327,vertical,129,v,1.88304283208267e-16,0.000100488615327649
exponential,1,327,vertical,129,w,2.65169364962209e-06,0.00114759386892928
exponential,1,327,vertical,129,eta,3.93158744683007e-14,0.00348466817665115
exponential,1,327,vertical,193,u,1.86743329867832e-16,0.000168688486940628
exponential,1,327,vertical,193,v,2.1682077750816e-16,0.000100488615327649
exponential,1,327,vertical,193,w,1.09216033411786e-06,0.00114759386892928
exponential,1,327,vertical,193,eta,3.55769745515878e-14,0.00348466817665115
exponential,1,327,vertical,257,u,0,0.000168688486940628
exponential,1,327,vertical,257,v,0,0.000100488615327649
exponential,1,327,vertical,257,w,0,0.00114759386892928
exponential,1,327,vertical,257,eta,0,0.00348466817665115
exponential,1,901,horizontal,8,u,2.36655249550948e-13,0.000123625277483495
exponential,1,901,horizontal,8,v,1.05625973012947e-13,8.95063947530669e-05
exponential,1,901,horizontal,8,w,6.56338120445652e-06,0.00106834325348345
exponential,1,901,horizontal,8,eta,1.77953789300145e-12,0.00263536699355355
exponential,1,901,horizontal,12,u,1.876664790618e-17,0.000123625277483495
exponential,1,901,horizontal,12,v,1.53889814069293e-17,8.95063947530669e-05
exponential,1,901,horizontal,12,w,2.14611052916491e-06,0.00106834325348345
exponential,1,901,horizontal,12,eta,1.62968633186926e-16,0.00263536699355355
exponential,1,901,horizontal,16,u,8.85327550922019e-18,0.000123625277483495
exponential,1,901,horizontal,16,v,8.80295801076422e-18,8.95063947530669e-05
exponential,1,901,horizontal,16,w,7.05521053610806e-07,0.00106834325348345
exponential,1,901,horizontal,16,eta,8.56861798640923e-17,0.00263536699355355
exponential,1,901,horizontal,24,u,1.71490622823711e-17,0.000123625277483495
exponential,1,901,horizontal,24,v,1.55422156222318e-17,8.95063947530669e-05
exponential,1,901,horizontal,24,w,2.74849807423747e-07,0.00106834325348345
exponential,1,901,horizontal,24,eta,1.5259346807956e-16,0.00263536699355355
exponential,1,901,horizontal,32,u,4.83215155859213e-18,0.000123625277483495
exponential,1,901,horizontal,32,v,9.30532207715632e-18,8.95063947530669e-05
exponential,1,901,horizontal,32,w,1.16443928517827e-07,0.00106834325348345
exponential,1,901,horizontal,32,eta,7.27206802697928e-17,0.00263536699355355
exponential,1,901,horizontal,48,u,1.51315074382736e-17,0.000123625277483495
exponential,1,901,horizontal,48,v,1.00492449174067e-17,8.95063947530669e-05
exponential,1,901,horizontal,48,w,4.70473492095888e-08,0.00106834325348345
exponential,1,901,horizontal,48,eta,1.24863957116802e-16,0.00263536699355355
exponential,1,901,horizontal,64,u,0,0.000123625277483495
exponential,1,901,horizontal,64,v,0,8.95063947530669e-05
exponential,1,901,horizontal,64,w,0,0.00106834325348345
exponential,1,901,horizontal,64,eta,0,0.00263536699355355
exponential,1,901,vertical,9,u,1.03594806558268e-07,0.000123625277483495
exponential,1,901,vertical,9,v,1.0538043054983e-07,8.95063947530669e-05
exponential,1,901,vertical,9,w,0.00025037896930529,0.00106834325348345
exponential,1,901,vertical,9,eta,8.72847724626237e-06,0.00263536699355355
exponential,1,901,vertical,13,u,5.64793221770396e-11,0.000123625277483495
exponential,1,901,vertical,13,v,5.74091585804616e-11,8.95063947530669e-05
exponential,1,901,vertical,13,w,0.000173951575226571,0.00106834325348345
exponential,1,901,vertical,13,eta,3.77796529545677e-09,0.00263536699355355
exponential,1,901,vertical,17,u,8.3418978047706e-15,0.000123625277483495
exponential,1,901,vertical,17,v,8.14701701830034e-15,8.95063947530669e-05
exponential,1,901,vertical,17,w,0.000124198587600389,0.00106834325348345
exponential,1,901,vertical,17,eta,4.37463648885682e-13,0.00263536699355355
exponential,1,901,vertical,25,u,1.05478636342214e-15,0.000123625277483495
exponential,1,901,vertical,25,v,4.83380200524157e-16,8.95063947530669e-05
exponential,1,901,vertical,25,w,6.74774314452231e-05,0.00106834325348345
exponential,1,901,vertical,25,eta,3.47252547891934e-14,0.00263536699355355
exponential,1,901,vertical,33,u,1.02840973917339e-15,0.000123625277483495
exponential,1,901,vertical,33,v,4.71171425490558e-16,8.95063947530669e-05
exponential,1,901,vertical,33,w,3.8160265007453e-05,0.00106834325348345
exponential,1,901,vertical,33,eta,3.46987817815302e-14,0.00263536699355355
exponential,1,901,vertical,49,u,9.77935336527893e-16,0.000123625277483495
exponential,1,901,vertical,49,v,4.47821320024448e-16,8.95063947530669e-05
exponential,1,901,vertical,49,w,1.61324064058985e-05,0.00106834325348345
exponential,1,901,vertical,49,eta,3.48675167722813e-14,0.00263536699355355
exponential,1,901,vertical,65,u,8.4592232560079e-16,0.000123625277483495
exponential,1,901,vertical,65,v,3.89604220244318e-16,8.95063947530669e-05
exponential,1,901,vertical,65,w,9.64206333251697e-06,0.00106834325348345
exponential,1,901,vertical,65,eta,3.45912424686153e-14,0.00263536699355355
exponential,1,901,vertical,97,u,4.53764050683701e-16,0.000123625277483495
exponential,1,901,vertical,97,v,2.34294732133904e-16,8.95063947530669e-05
exponential,1,901,vertical,97,w,4.31283394520722e-06,0.00106834325348345
exponential,1,901,vertical,97,eta,3.49311769535535e-14,0.00263536699355355
exponential,1,901,vertical,129,u,2.87672619754087e-16,0.000123625277483495
exponential,1,901,vertical,129,v,2.15866509761493e-16,8.95063947530669e-05
exponential,1,901,vertical,129,w,2.32000027219296e-06,0.00106834325348345
exponential,1,901,vertical,129,eta,3.98586162168967e-14,0.00263536699355355
exponential,1,901,vertical,193,u,2.76959817151942e-16,0.000123625277483495
exponential,1,901,vertical,193,v,2.25352705539202e-16,8.95063947530669e-05
exponential,1,901,vertical,193,w,9.04059697996272e-07,0.00106834325348345
exponential,1,901,vertical,193,eta,3.59444536969742e-14,0.00263536699355355
exponential,1,901,vertical,257,u,0,0.000123625277483495
exponential,1,901,vertical,257,v,0,8.95063947530669e-05
exponential,1,901,vertical,257,w,0,0.00106834325348345
exponential,1,901,vertical,257,eta,0,0.00263536699355355
