family,step,rateMax,error,omittedTimeError,profile,amplitude,Nx,Nz,apvModes,waveModes,mdaModes
Aw_p,4,6.93792006051728e-07,2.10070148947884e-17,1.77048997667406e-15,constant,0.1,8,33,3,4,2
Aw_m,4,3.49219127945952e-07,2.29273923958063e-17,1.75771862508676e-15,constant,0.1,8,33,3,4,2
Ag_q,4,1.74058162626656e-12,5.2316521931512e-24,1.06584522198446e-23,constant,0.1,8,33,3,4,2
Ag_0,4,2.19155345475384e-10,1.26667527438119e-20,1.20295330084466e-20,constant,0.1,8,33,3,4,2
Aio,4,5.77016251606791e-07,1.25113730103879e-18,4.97375053161553e-19,constant,0.1,8,33,3,4,2
Amda,4,1.18492142893873e-07,2.55115735801155e-19,1.47960774017565e-18,constant,0.1,8,33,3,4,2
Aw_p,2,6.93792006051728e-07,4.05411354272508e-17,1.76484952259284e-15,constant,0.1,8,33,3,4,2
Aw_m,2,3.49219127945952e-07,5.5054849295803e-17,1.75250584176107e-15,constant,0.1,8,33,3,4,2
Ag_q,2,1.74058162626656e-12,1.82015974340634e-23,1.70432626731991e-23,constant,0.1,8,33,3,4,2
Ag_0,2,2.19155345475384e-10,1.73827293698071e-20,4.36982650281781e-20,constant,0.1,8,33,3,4,2
Aio,2,5.77016251606791e-07,1.12167904090106e-18,1.55777954799662e-18,constant,0.1,8,33,3,4,2
Amda,2,1.18492142893873e-07,4.08169295414086e-18,2.55966739215349e-18,constant,0.1,8,33,3,4,2
Aw_p,1,6.93792006051728e-07,5.65856465123047e-17,1.69597138761484e-15,constant,0.1,8,33,3,4,2
Aw_m,1,3.49219127945952e-07,9.25423684892589e-17,1.74974204354588e-15,constant,0.1,8,33,3,4,2
Ag_q,1,1.74058162626656e-12,2.56740623730419e-23,4.406415161599e-23,constant,0.1,8,33,3,4,2
Ag_0,1,2.19155345475384e-10,2.96365979575757e-20,4.18448832995151e-20,constant,0.1,8,33,3,4,2
Aio,1,5.77016251606791e-07,1.46021592724383e-18,1.18727940217694e-18,constant,0.1,8,33,3,4,2
Amda,1,1.18492142893873e-07,6.02911434410711e-18,6.02911434410711e-18,constant,0.1,8,33,3,4,2
Aw_p,0.5,6.93792006051728e-07,3.49614408987676e-16,1.89932593926531e-15,constant,0.1,8,33,3,4,2
Aw_m,0.5,3.49219127945952e-07,3.72024873727951e-16,1.7957098017612e-15,constant,0.1,8,33,3,4,2
Ag_q,0.5,1.74058162626656e-12,9.78292856834798e-23,8.1135988765158e-23,constant,0.1,8,33,3,4,2
Ag_0,0.5,2.19155345475384e-10,5.99569167131495e-20,8.70053245459688e-20,constant,0.1,8,33,3,4,2
Aio,0.5,5.77016251606791e-07,4.66101204313478e-18,6.92237660526399e-19,constant,0.1,8,33,3,4,2
Amda,0.5,1.18492142893873e-07,1.1318120415661e-17,1.15308183296504e-17,constant,0.1,8,33,3,4,2
Aw_p,0.25,6.93792006051728e-07,3.40905537971926e-16,2.0863130957928e-15,constant,0.1,8,33,3,4,2
Aw_m,0.25,3.49219127945952e-07,3.12679769505608e-16,1.91040494550703e-15,constant,0.1,8,33,3,4,2
Ag_q,0.25,1.74058162626656e-12,1.58113714044849e-22,8.84606207427818e-23,constant,0.1,8,33,3,4,2
Ag_0,0.25,2.19155345475384e-10,1.56549273590092e-19,1.06812090373495e-19,constant,0.1,8,33,3,4,2
Aio,0.25,5.77016251606791e-07,1.34780697370441e-17,1.83818087940333e-17,constant,0.1,8,33,3,4,2
Amda,0.25,1.18492142893873e-07,4.59192442574317e-18,9.49856129606072e-18,constant,0.1,8,33,3,4,2
Aw_p,0.125,6.93792006051728e-07,5.76371961651317e-16,1.63547862207591e-15,constant,0.1,8,33,3,4,2
Aw_m,0.125,3.49219127945952e-07,5.62977410185195e-16,1.59855945401495e-15,constant,0.1,8,33,3,4,2
Ag_q,0.125,1.74058162626656e-12,2.84216689183849e-22,4.29922422234445e-22,constant,0.1,8,33,3,4,2
Ag_0,0.125,2.19155345475384e-10,3.59223440948979e-19,2.88130423249535e-19,constant,0.1,8,33,3,4,2
Aio,0.125,5.77016251606791e-07,2.33291458680556e-17,3.73106769388455e-17,constant,0.1,8,33,3,4,2
Amda,0.125,1.18492142893873e-07,5.11319247195041e-17,9.28586338207128e-18,constant,0.1,8,33,3,4,2
Aw_p,4,6.93757168237973e-09,2.2425948320048e-18,1.76009400050526e-16,constant,0.01,8,33,3,4,2
Aw_m,4,3.49194672669668e-09,1.71815460820565e-18,1.75662524989594e-16,constant,0.01,8,33,3,4,2
Ag_q,4,1.74056833942637e-14,6.66708906606786e-25,7.32404802358553e-25,constant,0.01,8,33,3,4,2
Ag_0,4,2.19152828689961e-12,1.01267296212306e-21,9.94699113392135e-22,constant,0.01,8,33,3,4,2
Aio,4,5.77016243867426e-09,3.02120901278022e-20,7.34785444940866e-20,constant,0.01,8,33,3,4,2
Amda,4,1.18488532486747e-09,1.71926595187003e-19,6.35063779384524e-20,constant,0.01,8,33,3,4,2
Aw_p,2,6.93757168237973e-09,3.88187474147438e-18,1.75204632912733e-16,constant,0.01,8,33,3,4,2
Aw_m,2,3.49194672669668e-09,2.30254594015348e-18,1.78452098072166e-16,constant,0.01,8,33,3,4,2
Ag_q,2,1.74056833942637e-14,1.97971429520446e-24,2.18308023880502e-24,constant,0.01,8,33,3,4,2
Ag_0,2,2.19152828689961e-12,2.18526772720996e-21,2.13499326618087e-21,constant,0.01,8,33,3,4,2
Aio,2,5.77016243867426e-09,3.49676974394139e-20,1.10676228970214e-19,constant,0.01,8,33,3,4,2
Amda,2,1.18488532486747e-09,1.88416027107941e-19,3.70174491055749e-19,constant,0.01,8,33,3,4,2
Aw_p,1,6.93757168237973e-09,8.20141745547003e-18,1.71238617122086e-16,constant,0.01,8,33,3,4,2
Aw_m,1,3.49194672669668e-09,1.23586856234364e-17,1.76269039445728e-16,constant,0.01,8,33,3,4,2
Ag_q,1,1.74056833942637e-14,2.46084904669637e-24,4.91971729800027e-24,constant,0.01,8,33,3,4,2
Ag_0,1,2.19152828689961e-12,3.56278702696467e-21,3.41877470569829e-21,constant,0.01,8,33,3,4,2
Aio,1,5.77016243867426e-09,1.50150818310946e-19,3.62888242810519e-19,constant,0.01,8,33,3,4,2
Amda,1,1.18488532486747e-09,1.27261819959345e-18,1.70629906858765e-18,constant,0.01,8,33,3,4,2
Aw_p,0.5,6.93757168237973e-09,2.66251520701432e-17,1.63987035584458e-16,constant,0.01,8,33,3,4,2
Aw_m,0.5,3.49194672669668e-09,3.12175404748882e-17,1.84077970865781e-16,constant,0.01,8,33,3,4,2
Ag_q,0.5,1.74056833942637e-14,7.34336090709096e-24,5.69842684097329e-24,constant,0.01,8,33,3,4,2
Ag_0,0.5,2.19152828689961e-12,1.41064009856886e-20,1.21596259483431e-20,constant,0.01,8,33,3,4,2
Aio,0.5,5.77016243867426e-09,6.41319253738097e-19,7.89691438179771e-19,constant,0.01,8,33,3,4,2
Amda,0.5,1.18488532486747e-09,2.13997993758185e-18,2.13997993758185e-18,constant,0.01,8,33,3,4,2
Aw_p,0.25,6.93757168237973e-09,4.04747605898206e-17,1.77235099695444e-16,constant,0.01,8,33,3,4,2
Aw_m,0.25,3.49194672669668e-09,4.4918804094411e-17,1.46090572506544e-16,constant,0.01,8,33,3,4,2
Ag_q,0.25,1.74056833942637e-14,1.08573084832077e-23,1.23023880589965e-23,constant,0.01,8,33,3,4,2
Ag_0,0.25,2.19152828689961e-12,1.20433476038493e-20,1.83648224002629e-20,constant,0.01,8,33,3,4,2
Aio,0.25,5.77016243867426e-09,9.35496781658069e-19,8.2000906221344e-19,constant,0.01,8,33,3,4,2
Amda,0.25,1.18488532486747e-09,3.87470341355866e-18,3.62278100851226e-18,constant,0.01,8,33,3,4,2
Aw_p,0.125,6.93757168237973e-09,6.99211365921728e-17,1.85534344955338e-16,constant,0.01,8,33,3,4,2
Aw_m,0.125,3.49194672669668e-09,9.16496816186426e-17,1.96619925645372e-16,constant,0.01,8,33,3,4,2
Ag_q,0.125,1.74056833942637e-14,1.45803080813537e-23,2.22927658994913e-23,constant,0.01,8,33,3,4,2
Ag_0,0.125,2.19152828689961e-12,3.20220265243385e-20,6.59535928719233e-20,constant,0.01,8,33,3,4,2
Aio,0.125,5.77016243867426e-09,1.75233975159251e-18,8.77069531338299e-19,constant,0.01,8,33,3,4,2
Amda,0.125,1.18488532486747e-09,6.53363744230219e-18,3.31611289539497e-18,constant,0.01,8,33,3,4,2
Aw_p,4,6.9379371150519e-07,2.93466834055865e-17,1.74774843886709e-15,constant,0.1,16,65,3,4,2
Aw_m,4,3.492208305883e-07,2.84160550692528e-17,1.76722671529988e-15,constant,0.1,16,65,3,4,2
Ag_q,4,1.7405816262668e-12,1.02776153965862e-23,8.60746992087188e-24,constant,0.1,16,65,3,4,2
Ag_0,4,2.19155345478274e-10,3.91426492862013e-20,5.31700138723216e-20,constant,0.1,16,65,3,4,2
Aio,4,5.77016251606792e-07,5.37033775306831e-19,1.9602445073258e-18,constant,0.1,16,65,3,4,2
Amda,4,1.18492142893865e-07,2.35502952605277e-18,2.35502952605277e-18,constant,0.1,16,65,3,4,2
Aw_p,2,6.9379371150519e-07,4.42506567225825e-17,1.76978325200965e-15,constant,0.1,16,65,3,4,2
Aw_m,2,3.492208305883e-07,5.6699694555799e-17,1.80001705598479e-15,constant,0.1,16,65,3,4,2
Ag_q,2,1.7405816262668e-12,2.796470562033e-23,1.82615843339575e-23,constant,0.1,16,65,3,4,2
Ag_0,2,2.19155345478274e-10,6.67754995051383e-20,4.77280780727391e-20,constant,0.1,16,65,3,4,2
Aio,2,5.77016251606792e-07,1.22372733035444e-18,1.4761255335511e-18,constant,0.1,16,65,3,4,2
Amda,2,1.18492142893865e-07,9.78803480578488e-18,8.05331132980807e-18,constant,0.1,16,65,3,4,2
Aw_p,1,6.9379371150519e-07,2.15751576799091e-16,1.83637754570869e-15,constant,0.1,16,65,3,4,2
Aw_m,1,3.492208305883e-07,1.91921343507799e-16,1.86710594854638e-15,constant,0.1,16,65,3,4,2
Ag_q,1,1.7405816262668e-12,3.80274542597457e-23,3.39959530365639e-23,constant,0.1,16,65,3,4,2
Ag_0,1,2.19155345478274e-10,1.2660676132644e-19,1.57096342228679e-19,constant,0.1,16,65,3,4,2
Aio,1,5.77016251606792e-07,2.18635871542509e-18,1.82185609098216e-18,constant,0.1,16,65,3,4,2
Amda,1,1.18492142893865e-07,1.11441742590084e-18,8.05331132980807e-18,constant,0.1,16,65,3,4,2
Aw_p,0.5,6.9379371150519e-07,2.00192653924722e-16,1.7325136837475e-15,constant,0.1,16,65,3,4,2
Aw_m,0.5,3.492208305883e-07,1.51182306865541e-16,1.58249687166601e-15,constant,0.1,16,65,3,4,2
Ag_q,0.5,1.7405816262668e-12,7.04844578316733e-23,9.13673156368782e-23,constant,0.1,16,65,3,4,2
Ag_0,0.5,2.19155345478274e-10,3.61613049591236e-19,2.9712840714647e-19,constant,0.1,16,65,3,4,2
Aio,0.5,5.77016251606792e-07,1.42798676885204e-17,3.46902741402643e-18,constant,0.1,16,65,3,4,2
Amda,0.5,1.18492142893865e-07,1.13034826275412e-17,9.29392342996e-18,constant,0.1,16,65,3,4,2
Aw_p,0.25,6.9379371150519e-07,7.86057360920293e-16,1.82304475874208e-15,constant,0.1,16,65,3,4,2
Aw_m,0.25,3.492208305883e-07,3.51351377182959e-16,1.82784838516759e-15,constant,0.1,16,65,3,4,2
Ag_q,0.25,1.7405816262668e-12,1.77158306179392e-22,1.22037916747174e-22,constant,0.1,16,65,3,4,2
Ag_0,0.25,2.19155345478274e-10,6.78021868766503e-19,4.2817385482369e-19,constant,0.1,16,65,3,4,2
Aio,0.25,5.77016251606792e-07,6.51597761903976e-18,1.26598684540131e-17,constant,0.1,16,65,3,4,2
Amda,0.25,1.18492142893865e-07,4.58386437785446e-18,1.84616521856689e-17,constant,0.1,16,65,3,4,2
Aw_p,0.125,6.9379371150519e-07,1.12156245381749e-15,2.28110038847101e-15,constant,0.1,16,65,3,4,2
Aw_m,0.125,3.492208305883e-07,1.94363914240869e-15,2.70999527482169e-15,constant,0.1,16,65,3,4,2
Ag_q,0.125,1.7405816262668e-12,3.17147268215499e-22,3.23287580243545e-22,constant,0.1,16,65,3,4,2
Ag_0,0.125,2.19155345478274e-10,1.34255065665702e-18,1.38649680299724e-18,constant,0.1,16,65,3,4,2
Aio,0.125,5.77016251606792e-07,1.73022639357021e-17,9.11379250719342e-18,constant,0.1,16,65,3,4,2
Amda,0.125,1.18492142893865e-07,3.70494990455889e-17,6.48050746612178e-17,constant,0.1,16,65,3,4,2
Aw_p,4,6.93774222621303e-09,5.37423426476546e-18,1.75894784810726e-16,constant,0.01,16,65,3,4,2
Aw_m,4,3.49211698759768e-09,3.12659257246195e-18,1.76152360006657e-16,constant,0.01,16,65,3,4,2
Ag_q,4,1.7405683394265e-14,7.3064736152417e-25,1.56551306428676e-24,constant,0.01,16,65,3,4,2
Ag_0,4,2.1915282869283e-12,3.13099111251532e-21,5.49181214259841e-21,constant,0.01,16,65,3,4,2
Aio,4,5.77016243867463e-09,3.12945102273944e-20,1.11459184119892e-19,constant,0.01,16,65,3,4,2
Amda,4,1.18488532486746e-09,6.35320205374416e-20,1.36843797457098e-19,constant,0.01,16,65,3,4,2
Aw_p,2,6.93774222621303e-09,5.92463429673762e-18,1.76985633752941e-16,constant,0.01,16,65,3,4,2
Aw_m,2,3.49211698759768e-09,4.95459240836226e-18,1.77711663819705e-16,constant,0.01,16,65,3,4,2
Ag_q,2,1.7405683394265e-14,1.88911266071203e-24,2.33555149015711e-24,constant,0.01,16,65,3,4,2
Ag_0,2,2.1915282869283e-12,8.25678698429848e-21,9.56666824329749e-21,constant,0.01,16,65,3,4,2
Aio,2,5.77016243867463e-09,2.10115745795701e-19,3.07474356909783e-19,constant,0.01,16,65,3,4,2
Amda,2,1.18488532486746e-09,1.53308413959659e-19,3.7014884845676e-19,constant,0.01,16,65,3,4,2
Aw_p,1,6.93774222621303e-09,8.35630766339666e-18,1.75203169024998e-16,constant,0.01,16,65,3,4,2
Aw_m,1,3.49211698759768e-09,9.94527033796022e-18,1.60387305255487e-16,constant,0.01,16,65,3,4,2
Ag_q,1,1.7405683394265e-14,3.68556603191766e-24,4.47985833289701e-24,constant,0.01,16,65,3,4,2
Ag_0,1,2.1915282869283e-12,2.08652805135935e-20,1.81641819751177e-20,constant,0.01,16,65,3,4,2
Aio,1,5.77016243867463e-09,1.94591894227151e-19,3.58505132020226e-19,constant,0.01,16,65,3,4,2
Amda,1,1.18488532486746e-09,1.02067015194806e-18,5.86989282953861e-19,constant,0.01,16,65,3,4,2
Aw_p,0.5,6.93774222621303e-09,2.63898133335217e-17,1.54883096836911e-16,constant,0.01,16,65,3,4,2
Aw_m,0.5,3.49211698759768e-09,2.5722565490187e-17,1.71219340063338e-16,constant,0.01,16,65,3,4,2
Ag_q,0.5,1.7405683394265e-14,9.94572966776311e-24,1.29491907575468e-23,constant,0.01,16,65,3,4,2
Ag_0,0.5,2.1915282869283e-12,3.00994786470691e-20,3.02308393250062e-20,constant,0.01,16,65,3,4,2
Aio,0.5,5.77016243867463e-09,4.26741054150413e-19,1.12880294650056e-18,constant,0.01,16,65,3,4,2
Amda,0.5,1.18488532486746e-09,1.02067015194806e-18,1.27261902677406e-18,constant,0.01,16,65,3,4,2
Aw_p,0.25,6.93774222621303e-09,7.0021491871356e-17,1.41349664490143e-16,constant,0.01,16,65,3,4,2
Aw_m,0.25,3.49211698759768e-09,4.70833081507902e-17,1.53697281507551e-16,constant,0.01,16,65,3,4,2
Ag_q,0.25,1.7405683394265e-14,1.66461697032827e-23,1.80643942672389e-23,constant,0.01,16,65,3,4,2
Ag_0,0.25,2.1915282869283e-12,5.84488916314306e-20,5.98834217837499e-20,constant,0.01,16,65,3,4,2
Aio,0.25,5.77016243867463e-09,1.53336469565654e-18,3.7443918143586e-19,constant,0.01,16,65,3,4,2
Amda,0.25,1.18488532486746e-09,5.60942771671608e-18,5.60942771671608e-18,constant,0.01,16,65,3,4,2
Aw_p,0.125,6.93774222621303e-09,1.08906607684415e-16,1.47078899466226e-16,constant,0.01,16,65,3,4,2
Aw_m,0.125,3.49211698759768e-09,1.37557537486445e-16,1.34294429650046e-16,constant,0.01,16,65,3,4,2
Ag_q,0.125,1.7405683394265e-14,3.98182808199688e-23,3.17626821272562e-23,constant,0.01,16,65,3,4,2
Ag_0,0.125,2.1915282869283e-12,1.07799677965415e-19,1.73446705726249e-19,constant,0.01,16,65,3,4,2
Aio,0.125,5.77016243867463e-09,1.80850137816106e-18,3.09208432799886e-18,constant,0.01,16,65,3,4,2
Amda,0.125,1.18488532486746e-09,1.00030835670752e-17,1.34725305190288e-17,constant,0.01,16,65,3,4,2
Aw_p,4,6.9379371150519e-07,1.23570524634448e-16,1.5688737471506e-13,constant,0.1,16,65,6,8,4
Aw_m,4,3.49220830588301e-07,1.28975591770155e-16,1.56873987444086e-13,constant,0.1,16,65,6,8,4
Ag_q,4,1.7405816262668e-12,1.17553282254908e-23,1.14887548156212e-23,constant,0.1,16,65,6,8,4
Ag_0,4,2.19155345478216e-10,2.83349995253188e-20,3.17548088333755e-20,constant,0.1,16,65,6,8,4
Aio,4,5.77016251606788e-07,9.91134750251315e-19,1.0511801573931e-18,constant,0.1,16,65,6,8,4
Amda,4,1.26189949028915e-07,1.70833310571392e-18,8.40971367725512e-19,constant,0.1,16,65,6,8,4
Aw_p,2,6.9379371150519e-07,2.3240668944779e-16,1.56993200228323e-13,constant,0.1,16,65,6,8,4
Aw_m,2,3.49220830588301e-07,2.00928485151481e-16,1.56998288467987e-13,constant,0.1,16,65,6,8,4
Ag_q,2,1.7405816262668e-12,3.94382466229563e-23,6.24377554420559e-23,constant,0.1,16,65,6,8,4
Ag_0,2,2.19155345478216e-10,6.1584203018138e-20,8.28554039657581e-20,constant,0.1,16,65,6,8,4
Aio,2,5.77016251606788e-07,7.25965529608698e-19,1.62342221001733e-18,constant,0.1,16,65,6,8,4
Amda,2,1.26189949028915e-07,2.84824092937119e-18,1.17491410718052e-18,constant,0.1,16,65,6,8,4
Aw_p,1,6.9379371150519e-07,2.89093413489595e-16,1.57178740289795e-13,constant,0.1,16,65,6,8,4
Aw_m,1,3.49220830588301e-07,2.7871081098317e-16,1.57106497889815e-13,constant,0.1,16,65,6,8,4
Ag_q,1,1.7405816262668e-12,6.24366719320972e-23,5.90447274974599e-23,constant,0.1,16,65,6,8,4
Ag_0,1,2.19155345478216e-10,1.21421250443211e-19,2.39944980329163e-19,constant,0.1,16,65,6,8,4
Aio,1,5.77016251606788e-07,1.81636991204281e-18,2.51411816782941e-18,constant,0.1,16,65,6,8,4
Amda,1,1.26189949028915e-07,6.04514179565593e-18,2.35592949855923e-18,constant,0.1,16,65,6,8,4
Aw_p,0.5,6.9379371150519e-07,7.91999815420369e-16,1.57211424121311e-13,constant,0.1,16,65,6,8,4
Aw_m,0.5,3.49220830588301e-07,7.61001112615804e-16,1.57322913168797e-13,constant,0.1,16,65,6,8,4
Ag_q,0.5,1.7405816262668e-12,8.76956232439786e-23,8.92367846858008e-23,constant,0.1,16,65,6,8,4
Ag_0,0.5,2.19155345478216e-10,2.53380960088795e-19,3.96424346760016e-19,constant,0.1,16,65,6,8,4
Aio,0.5,5.77016251606788e-07,2.39526925803294e-18,2.69972153524428e-18,constant,0.1,16,65,6,8,4
Amda,0.5,1.26189949028915e-07,1.15218583092552e-17,1.15218583092552e-17,constant,0.1,16,65,6,8,4
Aw_p,0.25,6.9379371150519e-07,9.87450192625006e-16,1.56678951389898e-13,constant,0.1,16,65,6,8,4
Aw_m,0.25,3.49220830588301e-07,1.62611230502344e-15,1.57092402819464e-13,constant,0.1,16,65,6,8,4
Ag_q,0.25,1.7405816262668e-12,2.78004728850071e-22,2.68036126742401e-22,constant,0.1,16,65,6,8,4
Ag_0,0.25,2.19155345478216e-10,4.54242143179869e-19,8.66618666518606e-19,constant,0.1,16,65,6,8,4
Aio,0.25,5.77016251606788e-07,5.62971721964617e-18,6.03738621409545e-18,constant,0.1,16,65,6,8,4
Amda,0.25,1.26189949028915e-07,1.84607522131625e-17,1.84607522131625e-17,constant,0.1,16,65,6,8,4
Aw_p,0.125,6.9379371150519e-07,1.36129558836482e-15,1.55498803545616e-13,constant,0.1,16,65,6,8,4
Aw_m,0.125,3.49220830588301e-07,2.79992158047762e-15,1.55497118675314e-13,constant,0.1,16,65,6,8,4
Ag_q,0.125,1.7405816262668e-12,4.89775853966313e-22,5.73831500743739e-22,constant,0.1,16,65,6,8,4
Ag_0,0.125,2.19155345478216e-10,1.18423103292467e-18,1.21951531236547e-18,constant,0.1,16,65,6,8,4
Aio,0.125,5.77016251606788e-07,2.07800217015738e-17,2.07256721064147e-17,constant,0.1,16,65,6,8,4
Amda,0.125,1.26189949028915e-07,6.48059746337243e-17,6.48059746337243e-17,constant,0.1,16,65,6,8,4
Aw_p,4,6.93774222621227e-09,8.15857296283102e-18,1.56974789538456e-14,constant,0.01,16,65,6,8,4
Aw_m,4,3.49211698759712e-09,6.9308521782358e-18,1.56951646241934e-14,constant,0.01,16,65,6,8,4
Ag_q,4,1.74056833942648e-14,1.61159045129223e-24,1.86810334255939e-24,constant,0.01,16,65,6,8,4
Ag_0,4,2.19152828692848e-12,2.95281719499347e-21,3.76556922755582e-21,constant,0.01,16,65,6,8,4
Aio,4,5.77016243867442e-09,8.98812663222101e-20,1.39383132767131e-19,constant,0.01,16,65,6,8,4
Amda,4,1.26186050067836e-09,1.37278274073841e-19,2.45698491322392e-19,constant,0.01,16,65,6,8,4
Aw_p,2,6.93774222621227e-09,1.94586530081412e-17,1.56907097354814e-14,constant,0.01,16,65,6,8,4
Aw_m,2,3.49211698759712e-09,1.59795588767389e-17,1.56855472437835e-14,constant,0.01,16,65,6,8,4
Ag_q,2,1.74056833942648e-14,1.54330694477009e-24,3.45742346100718e-24,constant,0.01,16,65,6,8,4
Ag_0,2,2.19152828692848e-12,1.59687084834756e-20,7.48195246437172e-21,constant,0.01,16,65,6,8,4
Aio,2,5.77016243867442e-09,1.96400245176731e-19,1.93887132042514e-19,constant,0.01,16,65,6,8,4
Amda,2,1.26186050067836e-09,5.87655370142119e-19,5.87655370142119e-19,constant,0.01,16,65,6,8,4
Aw_p,1,6.93774222621227e-09,4.33163935054403e-17,1.57315635670361e-14,constant,0.01,16,65,6,8,4
Aw_m,1,3.49211698759712e-09,4.01929160031422e-17,1.57006153483293e-14,constant,0.01,16,65,6,8,4
Ag_q,1,1.74056833942648e-14,8.41825131581085e-24,5.97026539960219e-24,constant,0.01,16,65,6,8,4
Ag_0,1,2.19152828692848e-12,1.39091159879602e-20,1.35918774096686e-20,constant,0.01,16,65,6,8,4
Aio,1,5.77016243867442e-09,4.23682729679602e-19,6.07963883248824e-19,constant,0.01,16,65,6,8,4
Amda,1,1.26186050067836e-09,8.38503681163113e-19,1.27218455015731e-18,constant,0.01,16,65,6,8,4
Aw_p,0.5,6.93774222621227e-09,7.87615863573739e-17,1.57044701047592e-14,constant,0.01,16,65,6,8,4
Aw_m,0.5,3.49211698759712e-09,8.01513809039838e-17,1.57658618717448e-14,constant,0.01,16,65,6,8,4
Ag_q,0.5,1.74056833942648e-14,9.76163848333253e-24,1.51996817737597e-23,constant,0.01,16,65,6,8,4
Ag_0,0.5,2.19152828692848e-12,2.24444219382352e-20,2.24060828514518e-20,constant,0.01,16,65,6,8,4
Aio,0.5,5.77016243867442e-09,4.22792853076653e-19,5.76285014481913e-19,constant,0.01,16,65,6,8,4
Amda,0.5,1.26186050067836e-09,1.02133623913632e-18,1.88869797712472e-18,constant,0.01,16,65,6,8,4
Aw_p,0.25,6.93774222621227e-09,9.44328612637334e-17,1.56626881653746e-14,constant,0.01,16,65,6,8,4
Aw_m,0.25,3.49211698759712e-09,9.36633333418321e-17,1.56505815321489e-14,constant,0.01,16,65,6,8,4
Ag_q,0.25,1.74056833942648e-14,3.12631630749689e-23,2.31443450274959e-23,constant,0.01,16,65,6,8,4
Ag_0,0.25,2.19152828692848e-12,7.43554384456164e-20,4.88167227642987e-20,constant,0.01,16,65,6,8,4
Aio,0.25,5.77016243867442e-09,1.09932744562979e-18,1.27023004429721e-18,constant,0.01,16,65,6,8,4
Amda,0.25,1.26186050067836e-09,2.13954628814572e-18,2.13954628814572e-18,constant,0.01,16,65,6,8,4
Aw_p,0.125,6.93774222621227e-09,3.1422973739997e-16,1.57713246749585e-14,constant,0.01,16,65,6,8,4
Aw_m,0.125,3.49211698759712e-09,4.54074330786891e-16,1.58512334708775e-14,constant,0.01,16,65,6,8,4
Ag_q,0.125,1.74056833942648e-14,2.7686160196565e-23,7.00355885907657e-23,constant,0.01,16,65,6,8,4
Ag_0,0.125,2.19152828692848e-12,1.08490197599205e-19,1.79490351871843e-19,constant,0.01,16,65,6,8,4
Aio,0.125,5.77016243867442e-09,1.73854903427059e-18,2.97909248449557e-18,constant,0.01,16,65,6,8,4
Amda,0.125,1.26186050067836e-09,6.53407109173832e-18,1.00035180436919e-17,constant,0.01,16,65,6,8,4
Aw_p,4,1.87695218993609e-06,4.00901964556528e-12,1.60047493815273e-07,exponential,0.1,8,33,3,4,2
Aw_m,4,6.0111190897209e-07,4.67020904264358e-12,6.34939568117092e-07,exponential,0.1,8,33,3,4,2
Ag_q,4,3.75278816570613e-12,1.17284499607038e-19,4.58938257380403e-13,exponential,0.1,8,33,3,4,2
Ag_0,4,1.21305775303344e-09,3.77070085654882e-17,1.49916371306679e-10,exponential,0.1,8,33,3,4,2
Aio,4,1.77391477909699e-06,9.5921922674938e-19,2.96650030393976e-18,exponential,0.1,8,33,3,4,2
Amda,4,1.42589407664791e-07,2.21774864636e-15,2.05972640071378e-11,exponential,0.1,8,33,3,4,2
Aw_p,2,1.87695218993609e-06,1.00234316475285e-12,1.60047493831586e-07,exponential,0.1,8,33,3,4,2
Aw_m,2,6.0111190897209e-07,1.16766611434895e-12,6.34939568119483e-07,exponential,0.1,8,33,3,4,2
Ag_q,2,3.75278816570613e-12,2.93211744143554e-20,4.58938257381239e-13,exponential,0.1,8,33,3,4,2
Ag_0,2,1.21305775303344e-09,9.42500523772415e-18,1.49916371308463e-10,exponential,0.1,8,33,3,4,2
Aio,2,1.77391477909699e-06,4.382366597541e-18,2.25514742101705e-18,exponential,0.1,8,33,3,4,2
Amda,2,1.42589407664791e-07,5.56750918112209e-16,2.0597263573457e-11,exponential,0.1,8,33,3,4,2
Aw_p,1,1.87695218993609e-06,2.50591225634341e-13,1.6004749384597e-07,exponential,0.1,8,33,3,4,2
Aw_m,1,6.0111190897209e-07,2.91923574879122e-13,6.3493956812859e-07,exponential,0.1,8,33,3,4,2
Ag_q,1,3.75278816570613e-12,7.32942022555658e-21,4.58938257384496e-13,exponential,0.1,8,33,3,4,2
Ag_0,1,1.21305775303344e-09,2.3563176752619e-18,1.49916371313221e-10,exponential,0.1,8,33,3,4,2
Aio,1,1.77391477909699e-06,2.17841443860386e-18,4.30108683380843e-18,exponential,0.1,8,33,3,4,2
Amda,1,1.42589407664791e-07,1.43886730829729e-16,2.05972566345631e-11,exponential,0.1,8,33,3,4,2
Aw_p,0.5,1.87695218993609e-06,6.26484728889252e-14,1.60047493835637e-07,exponential,0.1,8,33,3,4,2
Aw_m,0.5,6.0111190897209e-07,7.29811762046025e-14,6.34939568108612e-07,exponential,0.1,8,33,3,4,2
Ag_q,0.5,3.75278816570613e-12,1.84002555074598e-21,4.58938257392243e-13,exponential,0.1,8,33,3,4,2
Ag_0,0.5,1.21305775303344e-09,5.82511743448154e-19,1.49916371325772e-10,exponential,0.1,8,33,3,4,2
Aio,0.5,1.77391477909699e-06,1.60965576594539e-17,1.15149230030215e-17,exponential,0.1,8,33,3,4,2
Amda,0.5,1.42589407664791e-07,2.97848018594542e-17,2.05972687776274e-11,exponential,0.1,8,33,3,4,2
Aw_p,0.25,1.87695218993609e-06,1.56624446734453e-14,1.60047493852898e-07,exponential,0.1,8,33,3,4,2
Aw_m,0.25,6.0111190897209e-07,1.824503573756e-14,6.34939568138109e-07,exponential,0.1,8,33,3,4,2
Ag_q,0.25,3.75278816570613e-12,4.71731531856791e-22,4.58938257380609e-13,exponential,0.1,8,33,3,4,2
Ag_0,0.25,1.21305775303344e-09,1.97928931372585e-19,1.49916371348541e-10,exponential,0.1,8,33,3,4,2
Aio,0.25,1.77391477909699e-06,3.3962594129056e-17,1.54953419127493e-17,exponential,0.1,8,33,3,4,2
Amda,0.25,1.42589407664791e-07,2.63153549075006e-17,2.05972583692865e-11,exponential,0.1,8,33,3,4,2
Aw_p,0.125,1.87695218993609e-06,3.91470932989844e-15,1.60047493785861e-07,exponential,0.1,8,33,3,4,2
Aw_m,0.125,6.0111190897209e-07,4.56069133632355e-15,6.34939568096953e-07,exponential,0.1,8,33,3,4,2
Ag_q,0.125,3.75278816570613e-12,5.19296244772273e-22,4.58938257291281e-13,exponential,0.1,8,33,3,4,2
Ag_0,0.125,1.21305775303344e-09,3.37908447450865e-19,1.49916371252414e-10,exponential,0.1,8,33,3,4,2
Aio,0.125,1.77391477909699e-06,4.79135087182898e-17,2.29685748986967e-17,exponential,0.1,8,33,3,4,2
Amda,0.125,1.42589407664791e-07,8.37911461203556e-18,2.05972514303926e-11,exponential,0.1,8,33,3,4,2
Aw_p,4,1.87720155954073e-08,4.00866164559917e-14,1.60042369894297e-09,exponential,0.01,8,33,3,4,2
Aw_m,4,6.00857000121712e-09,4.67054701213155e-14,6.34913686227953e-09,exponential,0.01,8,33,3,4,2
Ag_q,4,3.75262042189594e-14,1.17575143167387e-21,4.58928191439898e-15,exponential,0.01,8,33,3,4,2
Ag_0,4,1.2128149296591e-11,3.77732799880696e-19,1.4993315997454e-12,exponential,0.01,8,33,3,4,2
Aio,4,1.77391474475116e-08,2.83332215576313e-19,2.62635656187382e-20,exponential,0.01,8,33,3,4,2
Amda,4,1.42606651864655e-09,2.21480181542778e-17,2.06039148480096e-13,exponential,0.01,8,33,3,4,2
Aw_p,2,1.87720155954073e-08,1.00225413101924e-14,1.60042369986567e-09,exponential,0.01,8,33,3,4,2
Aw_m,2,6.00857000121712e-09,1.16775018921213e-14,6.34913686236131e-09,exponential,0.01,8,33,3,4,2
Ag_q,2,3.75262042189594e-14,2.94186293569593e-22,4.58928191477706e-15,exponential,0.01,8,33,3,4,2
Ag_0,2,1.2128149296591e-11,9.41323795776844e-20,1.4993316007495e-12,exponential,0.01,8,33,3,4,2
Aio,2,1.77391474475116e-08,2.17433088877788e-19,1.51305897867995e-19,exponential,0.01,8,33,3,4,2
Amda,2,1.42606651864655e-09,5.34876656208837e-18,2.06039202690204e-13,exponential,0.01,8,33,3,4,2
Aw_p,1,1.87720155954073e-08,2.50568139401405e-15,1.60042369751436e-09,exponential,0.01,8,33,3,4,2
Aw_m,1,6.00857000121712e-09,2.91944996293948e-15,6.34913686152325e-09,exponential,0.01,8,33,3,4,2
Ag_q,1,3.75262042189594e-14,7.41890351744451e-23,4.5892819136308e-15,exponential,0.01,8,33,3,4,2
Ag_0,1,1.2128149296591e-11,2.26813999714381e-20,1.49933159847382e-12,exponential,0.01,8,33,3,4,2
Aio,1,1.77391474475116e-08,1.02103743765681e-18,7.49177770545097e-19,exponential,0.01,8,33,3,4,2
Amda,1,1.42606651864655e-09,1.60238698567751e-18,2.06038660589118e-13,exponential,0.01,8,33,3,4,2
Aw_p,0.5,1.87720155954073e-08,6.26418366009968e-16,1.60042369908608e-09,exponential,0.01,8,33,3,4,2
Aw_m,0.5,6.00857000121712e-09,7.29848086628398e-16,6.34913686193539e-09,exponential,0.01,8,33,3,4,2
Ag_q,0.5,3.75262042189594e-14,1.89258098347758e-23,4.5892819135942e-15,exponential,0.01,8,33,3,4,2
Ag_0,0.5,1.2128149296591e-11,9.63709344191015e-21,1.49933160068916e-12,exponential,0.01,8,33,3,4,2
Aio,0.5,1.77391474475116e-08,6.38755129522184e-19,8.28406157463825e-19,exponential,0.01,8,33,3,4,2
Amda,0.5,1.42606651864655e-09,7.22765603830459e-19,2.06039311110422e-13,exponential,0.01,8,33,3,4,2
Aw_p,0.25,1.87720155954073e-08,1.56604007031896e-16,1.60042370060833e-09,exponential,0.01,8,33,3,4,2
Aw_m,0.25,6.00857000121712e-09,1.82491774806064e-16,6.3491368623069e-09,exponential,0.01,8,33,3,4,2
Ag_q,0.25,3.75262042189594e-14,1.61920635143867e-23,4.58928191462819e-15,exponential,0.01,8,33,3,4,2
Ag_0,0.25,1.2128149296591e-11,2.07581363191981e-20,1.49933160603596e-12,exponential,0.01,8,33,3,4,2
Aio,0.25,1.77391474475116e-08,1.43285932929509e-18,1.28509610649933e-18,exponential,0.01,8,33,3,4,2
Amda,0.25,1.42606651864655e-09,1.44563874114055e-18,2.06038010067815e-13,exponential,0.01,8,33,3,4,2
Aw_p,0.125,1.87720155954073e-08,1.61413750998145e-16,1.60042369795989e-09,exponential,0.01,8,33,3,4,2
Aw_m,0.125,6.00857000121712e-09,1.36977277110874e-16,6.34913685937057e-09,exponential,0.01,8,33,3,4,2
Ag_q,0.125,3.75262042189594e-14,3.41106856274882e-23,4.58928191112779e-15,exponential,0.01,8,33,3,4,2
Ag_0,0.125,1.2128149296591e-11,4.38712647018009e-20,1.49933162190079e-12,exponential,0.01,8,33,3,4,2
Aio,0.125,1.77391474475116e-08,2.4020278949586e-18,5.55047728124862e-18,exponential,0.01,8,33,3,4,2
Amda,0.125,1.42606651864655e-09,2.03606785467171e-18,2.06036275344339e-13,exponential,0.01,8,33,3,4,2
Aw_p,4,1.87695296409836e-06,4.00901964083218e-12,1.60047493810483e-07,exponential,0.1,16,65,3,4,2
Aw_m,4,6.01112907564376e-07,4.67020907415905e-12,6.34939568115817e-07,exponential,0.1,16,65,3,4,2
Ag_q,4,3.75278816570844e-12,1.17283909117514e-19,4.58938257378049e-13,exponential,0.1,16,65,3,4,2
Ag_0,4,1.21305775301408e-09,3.77048834544843e-17,1.49916371311618e-10,exponential,0.1,16,65,3,4,2
Aio,4,1.773914779097e-06,1.36079597399065e-18,2.04984135053836e-18,exponential,0.1,16,65,3,4,2
Amda,4,1.42589407664779e-07,2.21773602027513e-15,2.05972657544874e-11,exponential,0.1,16,65,3,4,2
Aw_p,2,1.87695296409836e-06,1.00234316334117e-12,1.60047493816742e-07,exponential,0.1,16,65,3,4,2
Aw_m,2,6.01112907564376e-07,1.16766606978132e-12,6.3493956811898e-07,exponential,0.1,16,65,3,4,2
Ag_q,2,3.75278816570844e-12,2.93202288419955e-20,4.58938257378072e-13,exponential,0.1,16,65,3,4,2
Ag_0,2,1.21305775301408e-09,9.42920325704201e-18,1.49916371314713e-10,exponential,0.1,16,65,3,4,2
Aio,2,1.773914779097e-06,2.33403470035791e-18,1.27394372378588e-18,exponential,0.1,16,65,3,4,2
Amda,2,1.42589407664779e-07,5.54136206813374e-16,2.05972644534448e-11,exponential,0.1,16,65,3,4,2
Aw_p,1,1.87695296409836e-06,2.5059138947769e-13,1.60047493824887e-07,exponential,0.1,16,65,3,4,2
Aw_m,1,6.01112907564376e-07,2.91923556394711e-13,6.34939568120377e-07,exponential,0.1,16,65,3,4,2
Ag_q,1,3.75278816570844e-12,7.33055949484864e-21,4.58938257376523e-13,exponential,0.1,16,65,3,4,2
Ag_0,1,1.21305775301408e-09,2.36142200805113e-18,1.4991637129834e-10,exponential,0.1,16,65,3,4,2
Aio,1,1.773914779097e-06,4.27023975959758e-18,2.70161490332442e-18,exponential,0.1,16,65,3,4,2
Amda,1,1.42589407664779e-07,1.38669934316929e-16,2.05972618513596e-11,exponential,0.1,16,65,3,4,2
Aw_p,0.5,1.87695296409836e-06,6.26481262009581e-14,1.60047493810909e-07,exponential,0.1,16,65,3,4,2
Aw_m,0.5,6.01112907564376e-07,7.29814749303448e-14,6.34939568112314e-07,exponential,0.1,16,65,3,4,2
Ag_q,0.5,3.75278816570844e-12,1.84235575688057e-21,4.58938257374277e-13,exponential,0.1,16,65,3,4,2
Ag_0,0.5,1.21305775301408e-09,6.18633196431561e-19,1.49916371322792e-10,exponential,0.1,16,65,3,4,2
Aio,0.5,1.773914779097e-06,6.82769171979241e-18,6.92685773238756e-18,exponential,0.1,16,65,3,4,2
Amda,0.5,1.42589407664779e-07,3.63212492342972e-17,2.05972653208065e-11,exponential,0.1,16,65,3,4,2
Aw_p,0.25,1.87695296409836e-06,1.56619745340648e-14,1.60047493799164e-07,exponential,0.1,16,65,3,4,2
Aw_m,0.25,6.01112907564376e-07,1.82454745176912e-14,6.34939568114599e-07,exponential,0.1,16,65,3,4,2
Ag_q,0.25,3.75278816570844e-12,4.6188226981503e-22,4.58938257372519e-13,exponential,0.1,16,65,3,4,2
Ag_0,0.25,1.21305775301408e-09,5.53139113839817e-19,1.49916371291993e-10,exponential,0.1,16,65,3,4,2
Aio,0.25,1.773914779097e-06,1.03157677607557e-17,2.8877037175411e-17,exponential,0.1,16,65,3,4,2
Amda,0.25,1.42589407664779e-07,5.4893028937999e-18,2.05972930763821e-11,exponential,0.1,16,65,3,4,2
Aw_p,0.125,1.87695296409836e-06,3.9154971152527e-15,1.60047493949563e-07,exponential,0.1,16,65,3,4,2
Aw_m,0.125,6.01112907564376e-07,4.56135748906257e-15,6.34939568161012e-07,exponential,0.1,16,65,3,4,2
Ag_q,0.125,3.75278816570844e-12,5.07782320039337e-22,4.58938257428584e-13,exponential,0.1,16,65,3,4,2
Ag_0,0.125,1.21305775301408e-09,1.0136813826568e-18,1.4991637137721e-10,exponential,0.1,16,65,3,4,2
Aio,0.125,1.773914779097e-06,7.54394444290774e-17,2.80096242033734e-17,exponential,0.1,16,65,3,4,2
Amda,0.125,1.42589407664779e-07,8.56567361866832e-18,2.05972653208065e-11,exponential,0.1,16,65,3,4,2
Aw_p,4,1.87720929886851e-08,4.00866125567561e-14,1.60042369933635e-09,exponential,0.01,16,65,3,4,2
Aw_m,4,6.0086698675995e-09,4.67054744936641e-14,6.34913686236658e-09,exponential,0.01,16,65,3,4,2
Ag_q,4,3.75262042189693e-14,1.17590083325359e-21,4.58928191440703e-15,exponential,0.01,16,65,3,4,2
Ag_0,4,1.2128149296387e-11,3.78384950612903e-19,1.49933160001313e-12,exponential,0.01,16,65,3,4,2
Aio,4,1.77391474475111e-08,7.17399229242292e-20,6.48740126481877e-20,exponential,0.01,16,65,3,4,2
Amda,4,1.42606651864619e-09,2.21476622598193e-17,2.06038986205664e-13,exponential,0.01,16,65,3,4,2
Aw_p,2,1.87720929886851e-08,1.00225341800844e-14,1.60042369910564e-09,exponential,0.01,16,65,3,4,2
Aw_m,2,6.0086698675995e-09,1.167751029251e-14,6.34913686235712e-09,exponential,0.01,16,65,3,4,2
Ag_q,2,3.75262042189693e-14,2.93942133189361e-22,4.5892819144313e-15,exponential,0.01,16,65,3,4,2
Ag_0,2,1.2128149296387e-11,9.43867943925114e-20,1.49933160080842e-12,exponential,0.01,16,65,3,4,2
Aio,2,1.77391474475111e-08,2.22985986413285e-19,1.9833476615965e-19,exponential,0.01,16,65,3,4,2
Amda,2,1.42606651864619e-09,5.50515891216678e-18,2.06039203046099e-13,exponential,0.01,16,65,3,4,2
Aw_p,1,1.87720929886851e-08,2.50567773077041e-15,1.60042369968207e-09,exponential,0.01,16,65,3,4,2
Aw_m,1,6.0086698675995e-09,2.91946276866732e-15,6.34913686239221e-09,exponential,0.01,16,65,3,4,2
Ag_q,1,3.75262042189693e-14,7.37848160183074e-23,4.58928191445491e-15,exponential,0.01,16,65,3,4,2
Ag_0,1,1.2128149296387e-11,2.38914997259133e-20,1.49933160021575e-12,exponential,0.01,16,65,3,4,2
Aio,1,1.77391474475111e-08,7.37923859584467e-19,2.61710496003997e-19,exponential,0.01,16,65,3,4,2
Amda,1,1.42606651864619e-09,2.31275191135488e-18,2.06038660945013e-13,exponential,0.01,16,65,3,4,2
Aw_p,0.5,1.87720929886851e-08,6.26422249542323e-16,1.60042369860972e-09,exponential,0.01,16,65,3,4,2
Aw_m,0.5,6.0086698675995e-09,7.29887477594137e-16,6.34913686213541e-09,exponential,0.01,16,65,3,4,2
Ag_q,0.5,3.75262042189693e-14,1.87776085998648e-23,4.58928191470501e-15,exponential,0.01,16,65,3,4,2
Ag_0,0.5,1.2128149296387e-11,2.9307608949567e-20,1.49933160247098e-12,exponential,0.01,16,65,3,4,2
Aio,0.5,1.77391474475111e-08,8.38044736498535e-19,2.39521146482416e-18,exponential,0.01,16,65,3,4,2
Amda,0.5,1.42606651864619e-09,7.23014171604531e-19,2.06038444104578e-13,exponential,0.01,16,65,3,4,2
Aw_p,0.25,1.87720929886851e-08,1.56647350049381e-16,1.6004237012552e-09,exponential,0.01,16,65,3,4,2
Aw_m,0.25,6.0086698675995e-09,1.82447305888611e-16,6.34913686190865e-09,exponential,0.01,16,65,3,4,2
Ag_q,0.25,3.75262042189693e-14,3.62394628081996e-23,4.58928191548503e-15,exponential,0.01,16,65,3,4,2
Ag_0,0.25,1.2128149296387e-11,5.65175484197025e-20,1.49933160109633e-12,exponential,0.01,16,65,3,4,2
Aio,0.25,1.77391474475111e-08,1.19669045378672e-18,1.09384411997436e-18,exponential,0.01,16,65,3,4,2
Amda,0.25,1.42606651864619e-09,1.43373499174045e-18,2.06038010423709e-13,exponential,0.01,16,65,3,4,2
Aw_p,0.125,1.87720929886851e-08,8.8830785685467e-17,1.60042368990374e-09,exponential,0.01,16,65,3,4,2
Aw_m,0.125,6.0086698675995e-09,7.70480566013043e-17,6.34913685857757e-09,exponential,0.01,16,65,3,4,2
Ag_q,0.125,3.75262042189693e-14,4.59615385320998e-23,4.58928191602564e-15,exponential,0.01,16,65,3,4,2
Ag_0,0.125,1.2128149296387e-11,1.62432779006285e-19,1.49933160702345e-12,exponential,0.01,16,65,3,4,2
Aio,0.125,1.77391474475111e-08,4.01012230452859e-18,1.61403395357918e-18,exponential,0.01,16,65,3,4,2
Amda,0.125,1.42606651864619e-09,3.00988484236355e-19,2.06036275700233e-13,exponential,0.01,16,65,3,4,2
Aw_p,4,1.87693390063977e-06,4.01252084400865e-12,9.89991695828885e-08,exponential,0.1,16,65,6,8,4
Aw_m,4,6.01463887169562e-07,4.67428134868888e-12,6.34477936889268e-07,exponential,0.1,16,65,6,8,4
Ag_q,4,3.7527882740524e-12,1.17302273393264e-19,4.58938257378002e-13,exponential,0.1,16,65,6,8,4
Ag_0,4,1.27740433871473e-09,2.10150088284277e-17,8.41062693166632e-11,exponential,0.1,16,65,6,8,4
Aio,4,1.773914779097e-06,5.33708034954709e-19,7.56968366463169e-19,exponential,0.1,16,65,6,8,4
Amda,4,1.59344310292346e-07,2.59382764858111e-15,3.82210956167561e-11,exponential,0.1,16,65,6,8,4
Aw_p,2,1.87693390063977e-06,1.00321852534412e-12,9.89991695837014e-08,exponential,0.1,16,65,6,8,4
Aw_m,2,6.01463887169562e-07,1.16868420530912e-12,6.34477936887895e-07,exponential,0.1,16,65,6,8,4
Ag_q,2,3.7527882740524e-12,2.93264155431605e-20,4.58938257377325e-13,exponential,0.1,16,65,6,8,4
Ag_0,2,1.27740433871473e-09,5.25243482459383e-18,8.4106269320344e-11,exponential,0.1,16,65,6,8,4
Aio,2,1.773914779097e-06,2.21415977914875e-18,1.09286566604307e-18,exponential,0.1,16,65,6,8,4
Amda,2,1.59344310292346e-07,6.49067106739545e-16,3.82210943191016e-11,exponential,0.1,16,65,6,8,4
Aw_p,1,1.87693390063977e-06,2.50810229654133e-13,9.89991695787614e-08,exponential,0.1,16,65,6,8,4
Aw_m,1,6.01463887169562e-07,2.92178135300059e-13,6.34477936888298e-07,exponential,0.1,16,65,6,8,4
Ag_q,1,3.7527882740524e-12,7.33134838419856e-21,4.58938257371669e-13,exponential,0.1,16,65,6,8,4
Ag_0,1,1.27740433871473e-09,1.3027244004126e-18,8.41062693018893e-11,exponential,0.1,16,65,6,8,4
Aio,1,1.773914779097e-06,4.51007942494742e-18,5.30917027954713e-18,exponential,0.1,16,65,6,8,4
Amda,1,1.59344310292346e-07,1.58655359070039e-16,3.82210932620045e-11,exponential,0.1,16,65,6,8,4
Aw_p,0.5,1.87693390063977e-06,6.27028810269263e-14,9.89991695682496e-08,exponential,0.1,16,65,6,8,4
Aw_m,0.5,6.01463887169562e-07,7.30449687136099e-14,6.34477936882301e-07,exponential,0.1,16,65,6,8,4
Ag_q,0.5,3.7527882740524e-12,1.83242134181594e-21,4.58938257374744e-13,exponential,0.1,16,65,6,8,4
Ag_0,0.5,1.27740433871473e-09,3.35313809023865e-19,8.41062693309466e-11,exponential,0.1,16,65,6,8,4
Aio,0.5,1.773914779097e-06,1.72986125983829e-17,6.75465615486676e-18,exponential,0.1,16,65,6,8,4
Amda,0.5,1.59344310292346e-07,4.00436414001247e-17,3.82210944139693e-11,exponential,0.1,16,65,6,8,4
Aw_p,0.25,1.87693390063977e-06,1.56759019242639e-14,9.89991695368942e-08,exponential,0.1,16,65,6,8,4
Aw_m,0.25,6.01463887169562e-07,1.82612550842753e-14,6.34477936882617e-07,exponential,0.1,16,65,6,8,4
Ag_q,0.25,3.7527882740524e-12,4.69075862247239e-22,4.58938257378265e-13,exponential,0.1,16,65,6,8,4
Ag_0,0.25,1.27740433871473e-09,5.70565683222697e-19,8.41062693087181e-11,exponential,0.1,16,65,6,8,4
Aio,0.25,1.773914779097e-06,1.21558807338422e-17,4.57990351342122e-17,exponential,0.1,16,65,6,8,4
Amda,0.25,1.59344310292346e-07,2.41058694645877e-17,3.82210974497354e-11,exponential,0.1,16,65,6,8,4
Aw_p,0.125,1.87693390063977e-06,4.6556635504056e-15,9.89991697529332e-08,exponential,0.1,16,65,6,8,4
Aw_m,0.125,6.01463887169562e-07,4.56492923064901e-15,6.34477936925269e-07,exponential,0.1,16,65,6,8,4
Ag_q,0.125,3.7527882740524e-12,5.52075649646708e-22,4.58938257387844e-13,exponential,0.1,16,65,6,8,4
Ag_0,0.125,1.27740433871473e-09,1.68023461004188e-18,8.41062693107671e-11,exponential,0.1,16,65,6,8,4
Aio,0.125,1.773914779097e-06,4.61769528321068e-17,4.83845120908288e-17,exponential,0.1,16,65,6,8,4
Amda,0.125,1.59344310292346e-07,2.35048995885108e-17,3.82211084001774e-11,exponential,0.1,16,65,6,8,4
Aw_p,4,1.87719167045997e-08,4.01216019103649e-14,9.89951614987324e-10,exponential,0.01,16,65,6,8,4
Aw_m,4,6.01215417033638e-09,4.67462190762243e-14,6.34451980651233e-09,exponential,0.01,16,65,6,8,4
Ag_q,4,3.75262041596333e-14,1.17579014785974e-21,4.58928191440286e-15,exponential,0.01,16,65,6,8,4
Ag_0,4,1.27724826595201e-11,2.11113358814889e-19,8.41185538306445e-13,exponential,0.01,16,65,6,8,4
Aio,4,1.77391474475123e-08,1.1128609894898e-19,1.98814023839462e-19,exponential,0.01,16,65,6,8,4
Amda,4,1.59338221822488e-09,2.58975414306067e-17,3.82226419187587e-13,exponential,0.01,16,65,6,8,4
Aw_p,2,1.87719167045997e-08,1.0031283800745e-14,9.89951614633536e-10,exponential,0.01,16,65,6,8,4
Aw_m,2,6.01215417033638e-09,1.16876967649092e-14,6.3445198064347e-09,exponential,0.01,16,65,6,8,4
Ag_q,2,3.75262041596333e-14,2.93815419614319e-22,4.58928191431595e-15,exponential,0.01,16,65,6,8,4
Ag_0,2,1.27724826595201e-11,5.35289564924118e-20,8.41185537650076e-13,exponential,0.01,16,65,6,8,4
Aio,2,1.77391474475123e-08,1.6573025411442e-19,1.92866937140454e-19,exponential,0.01,16,65,6,8,4
Amda,2,1.59338221822488e-09,6.5830726508405e-18,3.82226482953286e-13,exponential,0.01,16,65,6,8,4
Aw_p,1,1.87719167045997e-08,2.50786160553121e-15,9.89951615090661e-10,exponential,0.01,16,65,6,8,4
Aw_m,1,6.01215417033638e-09,2.92200030935158e-15,6.34451980656388e-09,exponential,0.01,16,65,6,8,4
Ag_q,1,3.75262041596333e-14,7.39980224443577e-23,4.5892819137844e-15,exponential,0.01,16,65,6,8,4
Ag_0,1,1.27724826595201e-11,2.16018228740409e-20,8.41185538978682e-13,exponential,0.01,16,65,6,8,4
Aio,1,1.77391474475123e-08,3.30229295614365e-19,4.76681406234839e-19,exponential,0.01,16,65,6,8,4
Amda,1,1.59338221822488e-09,1.75540836796461e-18,3.82226359392355e-13,exponential,0.01,16,65,6,8,4
Aw_p,0.5,1.87719167045997e-08,6.26972387178024e-16,9.8995161521477e-10,exponential,0.01,16,65,6,8,4
Aw_m,0.5,6.01215417033638e-09,7.30502585142472e-16,6.3445198062146e-09,exponential,0.01,16,65,6,8,4
Ag_q,0.5,3.75262041596333e-14,1.88289080267797e-23,4.58928191444827e-15,exponential,0.01,16,65,6,8,4
Ag_0,0.5,1.27724826595201e-11,3.59957125724706e-20,8.41185537580688e-13,exponential,0.01,16,65,6,8,4
Aio,0.5,1.77391474475123e-08,1.24170352813701e-18,1.72639474092829e-18,exponential,0.01,16,65,6,8,4
Amda,0.5,1.59338221822488e-09,1.30843325896061e-18,3.82226136199174e-13,exponential,0.01,16,65,6,8,4
Aw_p,0.25,1.87719167045997e-08,3.53499716778912e-16,9.89951612049931e-10,exponential,0.01,16,65,6,8,4
Aw_m,0.25,6.01215417033638e-09,2.70412373269746e-16,6.34451980661898e-09,exponential,0.01,16,65,6,8,4
Ag_q,0.25,3.75262041596333e-14,5.88738431032912e-23,4.58928191497188e-15,exponential,0.01,16,65,6,8,4
Ag_0,0.25,1.27724826595201e-11,6.26429195967268e-20,8.41185536771517e-13,exponential,0.01,16,65,6,8,4
Aio,0.25,1.77391474475123e-08,2.29238332933944e-18,5.35120119721413e-19,exponential,0.01,16,65,6,8,4
Amda,0.25,1.59338221822488e-09,1.21676138116473e-18,3.82226403861585e-13,exponential,0.01,16,65,6,8,4
Aw_p,0.125,1.87719167045997e-08,5.27649216261149e-16,9.89951625755816e-10,exponential,0.01,16,65,6,8,4
Aw_m,0.125,6.01215417033638e-09,5.5342496060788e-16,6.34451981046236e-09,exponential,0.01,16,65,6,8,4
Ag_q,0.125,3.75262041596333e-14,8.67223612005924e-23,4.58928191901147e-15,exponential,0.01,16,65,6,8,4
Ag_0,0.125,1.27724826595201e-11,1.19225871703795e-19,8.41185539313856e-13,exponential,0.01,16,65,6,8,4
Aio,0.125,1.77391474475123e-08,2.30077909064576e-18,1.7816630000857e-18,exponential,0.01,16,65,6,8,4
Amda,0.125,1.59338221822488e-09,5.64524194890263e-18,3.82226685076523e-13,exponential,0.01,16,65,6,8,4
