deltaT,duration,acceptedRHS,rejectedRHS,evolutionSeconds,diagnosticSeconds,comparisonSeconds,wallSeconds,velocityError,densityError,sshError,initialVelocityError,initialDensityError,initialSSHError,energyInitial,energyChange,volumeChange,densityMomentChange,densitySquaredMomentChange,minimumLabel,maximumLabel,profile,caseName,variant,config,setupSeconds
20,160,32,0,0.0806176666666667,0.00861716666666667,0.0139831666666667,0.104279625,8.66775474537334e-08,8.11265573273974e-07,2.17910076048328e-07,2.74991171899112e-14,6.78059204062424e-13,4.40895127077487e-17,0.831612988991903,5.5494310147175e-08,-2.27373675443232e-13,-0.000626826920779422,-0.00551185139192967,-999.809670038079,-0.180040400444917,constant,mixed,displacement,1,6.35868358333333
10,160,64,0,0.158548041666667,0.00859454166666667,0.013638875,0.181822291666667,8.66776938506037e-08,8.11265579357766e-07,2.18015106219432e-07,2.74991171899112e-14,6.78059204062424e-13,4.40895127077487e-17,0.831612988991903,5.54941100849859e-08,0,-0.000626826923507906,-0.00551185154472478,-999.809670038077,-0.180040400447181,constant,mixed,displacement,1,6.35868358333333
5,160,128,0,0.315149375,0.00843183333333333,0.0136329166666667,0.338335458333333,8.66779317584158e-08,8.112655799243e-07,2.18017669809631e-07,2.74991171899112e-14,6.78059204062424e-13,4.40895127077487e-17,0.831612988991903,5.54942529706892e-08,-1.13686837721616e-13,-0.000626826924417401,-0.00551185155927669,-999.809670038076,-0.180040400447323,constant,mixed,displacement,1,6.35868358333333
20,160,32,0,0.079368375,0.008571375,0.0133150833333333,0.1023145,8.66775473011937e-08,8.11265572637072e-07,2.17910076924187e-07,8.78702451915169e-14,6.77451470390761e-13,2.56054645916678e-15,0.831612988991855,5.54943098141081e-08,-2.27373675443232e-13,-0.000626826921688917,-0.00551185139920563,-999.809670038079,-0.180040400444923,constant,mixed,density,1,6.35883291666667
10,160,64,0,0.157114833333333,0.00825495833333333,0.0134357916666667,0.1798875,8.6677693698586e-08,8.11265577845333e-07,2.18015107099104e-07,8.78702451915169e-14,6.77451470390761e-13,2.56054645916678e-15,0.831612988991855,5.54941098629413e-08,0,-0.000626826923507906,-0.00551185154472478,-999.809670038077,-0.180040400447186,constant,mixed,density,1,6.35883291666667
5,160,128,0,0.313333875,0.0085535,0.0132327083333333,0.336156541666667,8.66779316054642e-08,8.1126557983379e-07,2.18017670664011e-07,8.78702451915169e-14,6.77451470390761e-13,2.56054645916678e-15,0.831612988991855,5.54942526376223e-08,-2.27373675443232e-13,-0.000626826924417401,-0.00551185155200073,-999.809670038076,-0.180040400447328,constant,mixed,density,1,6.35883291666667
20,160,32,0,0.145488666666667,0.0139354583333333,0.0193862083333333,0.179828916666667,8.69107293218513e-08,8.11265577014218e-07,2.31480022384738e-07,7.12461418350042e-17,6.87652401276316e-13,4.50404361181227e-17,0.831612988991896,5.54944445951833e-08,-4.54747350886464e-13,-0.000626826922598411,-0.00551185144286137,-999.809961697597,-0.180040396881278,constant,mixed,displacement,2,14.0710515
10,160,64,0,0.292671916666667,0.0139566666666667,0.0199934583333333,0.327654,8.69100360460964e-08,8.11265575258794e-07,2.31537099704989e-07,7.12461418350042e-17,6.87652401276316e-13,4.50404361181227e-17,0.831612988991896,5.54942749531051e-08,-1.13686837721616e-13,-0.00062682692805538,-0.00551185156655265,-999.809961697594,-0.180040396883542,constant,mixed,displacement,2,14.0710515
5,160,128,0,0.580154333333333,0.014045875,0.0194712916666667,0.614726208333333,8.69102367382061e-08,8.11265575008612e-07,2.31546631652327e-07,7.12461418350042e-17,6.87652401276316e-13,4.50404361181227e-17,0.831612988991896,5.54942942709857e-08,-6.82121026329696e-13,-0.000626826929874369,-0.00551185158838052,-999.809961697594,-0.180040396883684,constant,mixed,displacement,2,14.0710515
20,160,32,0,0.14825725,0.01430875,0.019696625,0.183300791666667,8.69107291703628e-08,8.1126557407239e-07,2.31480023176766e-07,8.34563528070603e-14,6.87340883403853e-13,2.56781741598785e-15,0.831612988991847,5.54944458164286e-08,-4.54747350886464e-13,-0.000626826922598411,-0.00551185144286137,-999.809961697597,-0.180040396881282,constant,mixed,density,2,14.0712013333333
10,160,64,0,0.294154708333333,0.013939,0.0196333333333333,0.3287895,8.69100358933373e-08,8.11265573882929e-07,2.31537100511454e-07,8.34563528070603e-14,6.87340883403853e-13,2.56781741598785e-15,0.831612988991847,5.54942748420828e-08,-1.13686837721616e-13,-0.00062682692805538,-0.00551185156655265,-999.809961697594,-0.180040396883547,constant,mixed,density,2,14.0712013333333
5,160,128,0,0.585196333333333,0.0143484583333333,0.0196144166666667,0.620174375,8.69102365862538e-08,8.11265573326215e-07,2.31546632471454e-07,8.34563528070603e-14,6.87340883403853e-13,2.56781741598785e-15,0.831612988991847,5.54942948260972e-08,-6.82121026329696e-13,-0.000626826929874369,-0.00551185158110457,-999.809961697594,-0.180040396883688,constant,mixed,density,2,14.0712013333333
20,160,32,0,0.186030333333333,0.0185895,0.0279414583333333,0.233660333333333,8.19907006639734e-08,8.11265634230622e-07,7.43155175782896e-08,6.23789266596803e-17,6.94623979884002e-13,4.30194263210959e-17,0.831613216308449,5.54965832177956e-08,1.13686837721616e-13,-0.000626824619757826,-0.00551183136849431,-999.809961697531,-0.18004039694162,constant,mixed,displacement,3,13.3559763333333
10,160,64,0,0.36814875,0.0188844583333333,0.0277677916666667,0.415945875,8.19905221056036e-08,8.11265637476544e-07,7.4270813571513e-08,6.23789266596803e-17,6.94623979884002e-13,4.30194263210959e-17,0.831613216308449,5.54964241228362e-08,-1.36424205265939e-12,-0.000626824626124289,-0.00551183146308176,-999.809961697529,-0.180040396943884,constant,mixed,displacement,3,13.3559763333333
5,160,128,0,0.740994708333333,0.018357,0.0289665416666667,0.789344791666667,8.1990526430929e-08,8.11265637213569e-07,7.42688962251265e-08,6.23789266596803e-17,6.94623979884002e-13,4.30194263210959e-17,0.831613216308449,5.54964245669254e-08,-1.81898940354586e-12,-0.000626824627943279,-0.00551183146308176,-999.809961697529,-0.180040396944026,constant,mixed,displacement,3,13.3559763333333
20,160,32,0,0.188505083333333,0.018544875,0.028201625,0.236208875,8.1990700665481e-08,8.11265632105006e-07,7.43155177007965e-08,8.3457063337207e-14,6.94658521265334e-13,2.56593674561746e-15,0.831613216308402,5.54965823296172e-08,1.13686837721616e-13,-0.000626824620667321,-0.00551183139032219,-999.809961697531,-0.180040396941625,constant,mixed,density,3,13.356120625
10,160,64,0,0.379342333333333,0.018961875,0.0287569166666667,0.428150166666667,8.19905221071387e-08,8.11265637161313e-07,7.42708136864865e-08,8.3457063337207e-14,6.94658521265334e-13,2.56593674561746e-15,0.831613216308402,5.5496422235457e-08,-1.36424205265939e-12,-0.000626824625214795,-0.00551183147035772,-999.809961697529,-0.180040396943889,constant,mixed,density,3,13.356120625
5,160,128,0,0.752192791666666,0.01874275,0.028288875,0.800291666666667,8.19905264325403e-08,8.11265637508232e-07,7.42688963451174e-08,8.3457063337207e-14,6.94658521265334e-13,2.56593674561746e-15,0.831613216308402,5.54964220134124e-08,-1.81898940354586e-12,-0.000626824627943279,-0.00551183147763368,-999.809961697529,-0.180040396944031,constant,mixed,density,3,13.356120625
20,160,32,0,0.191124583333333,0.01908,0.0291870416666667,0.24040775,1.3647489845488e-08,1.59834749995558e-08,7.41680723940546e-08,6.23789266596803e-17,6.94623979884002e-13,4.30194263210959e-17,0.831613216308449,3.82243348084899e-09,-1.13686837721616e-13,1.47622631629929e-06,-6.43387465970591e-06,-999.809926384733,-0.180072884152549,constant,mixed,displacement,4,13.243590625
10,160,64,0,0.382786708333333,0.0190220833333333,0.02896175,0.431862416666667,1.36462697244275e-08,1.59834711810361e-08,7.41274765704479e-08,6.23789266596803e-17,6.94623979884002e-13,4.30194263210959e-17,0.831613216308449,3.8222764953133e-09,5.6843418860808e-13,1.47618538903771e-06,-6.43429666524753e-06,-999.809926384733,-0.180072884152549,constant,mixed,displacement,4,13.243590625
5,160,128,0,0.7683525,0.0192217083333333,0.0287596666666667,0.817437125,1.36462854470509e-08,1.59834728618824e-08,7.41257464945849e-08,6.23789266596803e-17,6.94623979884002e-13,4.30194263210959e-17,0.831613216308449,3.82227560713488e-09,-1.13686837721616e-13,1.4761799320695e-06,-6.43436942482367e-06,-999.809926384733,-0.180072884152549,constant,mixed,displacement,4,13.243590625
20,160,32,0,0.193917875,0.01950475,0.02934825,0.243854083333333,1.36474900788724e-08,1.59834735713969e-08,7.41680725208155e-08,2.73964598630892e-13,6.9535729557028e-13,2.68725709523651e-15,0.8316132163084,3.82243214858136e-09,-1.13686837721616e-13,1.47622722579399e-06,-6.43387465970591e-06,-999.809926384733,-0.180072884152552,constant,mixed,density,4,13.2436938333333
10,160,64,0,0.389979375,0.0194355833333333,0.0289150416666667,0.439481916666667,1.36462699577592e-08,1.59834719672511e-08,7.4127476703494e-08,2.73964598630892e-13,6.9535729557028e-13,2.68725709523651e-15,0.8316132163084,3.82227738349172e-09,5.6843418860808e-13,1.47618447954301e-06,-6.43429666524753e-06,-999.809926384733,-0.180072884152552,constant,mixed,density,4,13.2436938333333
5,160,128,0,0.776016166666667,0.0197377083333333,0.0286977083333333,0.8256085,1.36462856804794e-08,1.59834729362623e-08,7.4125746622087e-08,2.73964598630892e-13,6.9535729557028e-13,2.68725709523651e-15,0.8316132163084,3.8222761622464e-09,-1.13686837721616e-13,1.4761799320695e-06,-6.43437670078129e-06,-999.809926384733,-0.180072884152552,constant,mixed,density,4,13.2436938333333
20,160,32,0,0.52481775,0.052417875,0.069216,0.647492583333333,4.67185597670379e-11,3.73661592579901e-13,5.13705068601328e-10,0,0,0,0.831613257305099,2.4343371762825e-10,-3.06954461848363e-12,1.34164110932034e-07,-6.82652171235532e-07,-999.809999603526,-0.180072884152549,constant,mixed,displacement,5,29.4383250416667
10,160,64,0,1.04947829166667,0.0533465,0.069115,1.17306741666667,9.67207571718341e-12,2.40110021191032e-13,9.64950320511085e-11,0,0,0,0.831613257305099,2.47042719614399e-10,-2.27373675443232e-12,1.34127731143963e-07,-6.8320514401421e-07,-999.809999603526,-0.180072884152549,constant,mixed,displacement,5,29.4383250416667
5,160,128,0,2.08702145833333,0.0527654583333333,0.06997675,2.21086504166667,2.37631241384469e-12,1.45470626591701e-13,2.3223277648728e-11,0,0,0,0.831613257305099,2.47194931191075e-10,-3.06954461848363e-12,1.34125912154559e-07,-6.83212419971824e-07,-999.809999603526,-0.180072884152549,constant,mixed,displacement,5,29.4383250416667
20,160,32,0,0.541259583333333,0.0542728333333333,0.070447875,0.667034791666667,4.67217680824577e-11,3.75264663734004e-13,5.13705068081504e-10,5.50491923380712e-13,1.06719677184352e-13,2.81240717962442e-15,0.83161325730505,2.4343238536062e-10,-3.06954461848363e-12,1.3416229194263e-07,-6.82659447193146e-07,-999.809999603526,-0.180072884152553,constant,mixed,density,5,29.4385681666667
10,160,64,0,1.07926141666667,0.0545767083333333,0.0707080416666667,1.20555941666667,9.687718350644e-12,2.43848595813942e-13,9.64950372240854e-11,5.50491923380712e-13,1.06719677184352e-13,2.81240717962442e-15,0.83161325730505,2.47045162105053e-10,-2.27373675443232e-12,1.34125912154559e-07,-6.83212419971824e-07,-999.809999603526,-0.180072884152553,constant,mixed,density,5,29.4385681666667
5,160,128,0,2.16921166666667,0.0550125833333333,0.0718127916666667,2.2971185,2.43929594304564e-12,1.65669307291932e-13,2.32232839534334e-11,5.50491923380712e-13,1.06719677184352e-13,2.81240717962442e-15,0.83161325730505,2.47195930391797e-10,-3.06954461848363e-12,1.34125002659857e-07,-6.83219695929438e-07,-999.809999603526,-0.180072884152553,constant,mixed,density,5,29.4385681666667
