time,energy,volume,densityMoment,densitySquaredMoment,minimumLabel,maximumLabel,profile,caseName,variant,config,deltaT
327,1.17345070129464,1000,3324.8712904864,13335.1731553432,-999.8,-0.199999999999997,exponential,waves,displacement,1,20
367,1.17345072393745,1000,3324.87089973745,13335.1711868375,-999.800033387971,-0.19995679186415,exponential,waves,displacement,1,20
407,1.17345073799941,1000,3324.87065523544,13335.1699550691,-999.80005458277,-0.199928860369101,exponential,waves,displacement,1,20
447,1.17345074281926,1000,3324.87057131873,13335.1695322708,-999.800062390272,-0.199917748306646,exponential,waves,displacement,1,20
487,1.17345073817542,1000,3324.87065290891,13335.1699432362,-999.800056406502,-0.199924012196206,exponential,waves,displacement,1,20
327,1.17345070129464,1000,3324.8712904864,13335.1731553432,-999.8,-0.199999999999997,exponential,waves,displacement,1,10
367,1.17345072393747,1000,3324.87089973745,13335.1711868375,-999.800033387968,-0.1999567918671,exponential,waves,displacement,1,10
407,1.17345073799938,1000,3324.87065523544,13335.1699550691,-999.800054582766,-0.19992886037392,exponential,waves,displacement,1,10
447,1.17345074281917,1000,3324.87057131873,13335.1695322708,-999.800062390268,-0.199917748312144,exponential,waves,displacement,1,10
487,1.17345073817517,1000,3324.87065290892,13335.1699432362,-999.800056406499,-0.199924012201151,exponential,waves,displacement,1,10
327,1.17345070129464,1000,3324.8712904864,13335.1731553432,-999.8,-0.199999999999997,exponential,waves,displacement,1,5
367,1.17345072393743,1000,3324.87089973745,13335.1711868375,-999.800033387968,-0.199956791867285,exponential,waves,displacement,1,5
407,1.17345073799923,1000,3324.87065523544,13335.1699550691,-999.800054582766,-0.199928860374222,exponential,waves,displacement,1,5
447,1.17345074281948,1000,3324.87057131873,13335.1695322708,-999.800062390267,-0.199917748312488,exponential,waves,displacement,1,5
487,1.17345073817527,1000,3324.87065290892,13335.1699432362,-999.800056406498,-0.199924012201461,exponential,waves,displacement,1,5
327,1.1734646603747,1000,3324.93541538228,13335.5117955569,-999.794417877824,-0.206441598262904,exponential,waves,density,1,20
367,1.17346452214942,1000,3324.9350245667,13335.5098265542,-999.79445132244,-0.206400286190657,exponential,waves,density,1,20
407,1.1734644358281,1000,3324.93478002132,13335.508594463,-999.794472569335,-0.206374335393912,exponential,waves,density,1,20
447,1.17346440624333,1000,3324.93469608671,13335.5081715329,-999.794480421345,-0.206365221341177,exponential,waves,density,1,20
487,1.17346443504788,1000,3324.93477768499,13335.508582562,-999.794474466206,-0.20637341762237,exponential,waves,density,1,20
327,1.1734646603747,1000,3324.93541538228,13335.5117955569,-999.794417877824,-0.206441598262904,exponential,waves,density,1,10
367,1.17346452214944,1000,3324.9350245667,13335.5098265541,-999.794451322437,-0.206400286193554,exponential,waves,density,1,10
407,1.17346443582808,1000,3324.93478002133,13335.508594463,-999.794472569331,-0.206374335398615,exponential,waves,density,1,10
447,1.17346440624324,1000,3324.93469608672,13335.5081715328,-999.794480421341,-0.206365221346677,exponential,waves,density,1,10
487,1.1734644350476,1000,3324.93477768499,13335.508582562,-999.794474466202,-0.206373417627318,exponential,waves,density,1,10
327,1.1734646603747,1000,3324.93541538228,13335.5117955569,-999.794417877824,-0.206441598262904,exponential,waves,density,1,5
367,1.17346452214941,1000,3324.9350245667,13335.5098265541,-999.794451322437,-0.206400286193735,exponential,waves,density,1,5
407,1.17346443582793,1000,3324.93478002133,13335.508594463,-999.794472569331,-0.206374335398909,exponential,waves,density,1,5
447,1.17346440624355,1000,3324.93469608672,13335.5081715328,-999.79448042134,-0.206365221347022,exponential,waves,density,1,5
487,1.1734644350477,1000,3324.93477768499,13335.508582562,-999.794474466202,-0.206373417627628,exponential,waves,density,1,5
327,1.17345070129463,1000,3324.8712904864,13335.1731553432,-999.8,-0.199999999999997,exponential,waves,displacement,2,20
367,1.17345072393761,999.999999999999,3324.87089973745,13335.1711868375,-999.800033577402,-0.199956453952699,exponential,waves,displacement,2,20
407,1.1734507379995,1000,3324.87065523544,13335.1699550691,-999.800054966131,-0.199928064285238,exponential,waves,displacement,2,20
447,1.17345074281957,1000,3324.87057131872,13335.1695322708,-999.800062971916,-0.199916367582638,exponential,waves,displacement,2,20
487,1.17345073817551,1000,3324.87065290891,13335.1699432362,-999.800057186735,-0.199921935759899,exponential,waves,displacement,2,20
327,1.17345070129463,1000,3324.8712904864,13335.1731553432,-999.8,-0.199999999999997,exponential,waves,displacement,2,10
367,1.17345072393756,1000,3324.87089973745,13335.1711868375,-999.8000335774,-0.199956453955642,exponential,waves,displacement,2,10
407,1.1734507379994,1000,3324.87065523544,13335.1699550691,-999.800054966127,-0.199928064290057,exponential,waves,displacement,2,10
447,1.17345074281936,1000,3324.87057131873,13335.1695322708,-999.800062971911,-0.199916367588153,exponential,waves,displacement,2,10
487,1.17345073817528,1000,3324.87065290891,13335.1699432362,-999.800057186731,-0.199921935764889,exponential,waves,displacement,2,10
327,1.17345070129463,1000,3324.8712904864,13335.1731553432,-999.8,-0.199999999999997,exponential,waves,displacement,2,5
367,1.17345072393755,1000,3324.87089973745,13335.1711868375,-999.800033577399,-0.199956453955826,exponential,waves,displacement,2,5
407,1.17345073799935,1000,3324.87065523544,13335.1699550691,-999.800054966127,-0.199928064290358,exponential,waves,displacement,2,5
447,1.17345074281934,999.999999999999,3324.87057131873,13335.1695322708,-999.800062971911,-0.199916367588497,exponential,waves,displacement,2,5
487,1.17345073817529,1000,3324.87065290891,13335.1699432362,-999.800057186731,-0.1999219357652,exponential,waves,displacement,2,5
327,1.17346466037469,1000,3324.93541538228,13335.5117955569,-999.794417877824,-0.206441598262904,exponential,waves,density,2,20
367,1.17346452214958,1000,3324.9350245667,13335.5098265542,-999.794451504626,-0.206400284448537,exponential,waves,density,2,20
407,1.17346443582819,1000,3324.93478002133,13335.508594463,-999.794472951399,-0.206374335391943,exponential,waves,density,2,20
447,1.17346440624364,1000,3324.93469608671,13335.5081715329,-999.794481021008,-0.206365212860934,exponential,waves,density,2,20
487,1.17346443504797,1000,3324.93477768499,13335.508582562,-999.794475301102,-0.206373334879863,exponential,waves,density,2,20
327,1.17346466037469,1000,3324.93541538228,13335.5117955569,-999.794417877824,-0.206441598262904,exponential,waves,density,2,10
367,1.17346452214954,1000,3324.9350245667,13335.5098265541,-999.794451504624,-0.206400284451436,exponential,waves,density,2,10
407,1.1734644358281,1000,3324.93478002133,13335.508594463,-999.794472951395,-0.206374335396636,exponential,waves,density,2,10
447,1.17346440624342,999.999999999999,3324.93469608672,13335.5081715328,-999.794481021003,-0.206365212866163,exponential,waves,density,2,10
487,1.17346443504771,1000,3324.93477768499,13335.508582562,-999.794475301098,-0.206373334884462,exponential,waves,density,2,10
327,1.17346466037469,1000,3324.93541538228,13335.5117955569,-999.794417877824,-0.206441598262904,exponential,waves,density,2,5
367,1.17346452214953,999.999999999999,3324.9350245667,13335.5098265542,-999.794451504624,-0.206400284451617,exponential,waves,density,2,5
407,1.17346443582805,1000,3324.93478002133,13335.508594463,-999.794472951395,-0.206374335396931,exponential,waves,density,2,5
447,1.17346440624341,1000,3324.93469608671,13335.5081715328,-999.794481021003,-0.206365212866492,exponential,waves,density,2,5
487,1.17346443504772,999.999999999999,3324.93477768499,13335.508582562,-999.794475301098,-0.206373334884751,exponential,waves,density,2,5
327,1.17345085991911,1000,3324.8712904864,13335.1731553432,-999.8,-0.199999999999996,exponential,waves,displacement,3,20
367,1.17345088256308,1000,3324.87089973755,13335.1711868379,-999.800033577394,-0.199956453962988,exponential,waves,displacement,3,20
407,1.17345089662555,1000,3324.87065523585,13335.1699550712,-999.800054966097,-0.199928064327562,exponential,waves,displacement,3,20
447,1.17345090144574,999.999999999999,3324.87057131965,13335.1695322754,-999.800062971839,-0.199916367678755,exponential,waves,displacement,3,20
487,1.17345089680144,1000,3324.87065291053,13335.1699432444,-999.8000571866,-0.199921935928695,exponential,waves,displacement,3,20
327,1.17345085991911,1000,3324.8712904864,13335.1731553432,-999.8,-0.199999999999996,exponential,waves,displacement,3,10
367,1.17345088256303,1000,3324.87089973755,13335.1711868379,-999.800033577391,-0.19995645396593,exponential,waves,displacement,3,10
407,1.17345089662543,1000,3324.87065523585,13335.1699550711,-999.800054966093,-0.199928064332381,exponential,waves,displacement,3,10
447,1.17345090144554,999.999999999998,3324.87057131965,13335.1695322754,-999.800062971835,-0.199916367684269,exponential,waves,displacement,3,10
487,1.17345089680122,1000,3324.87065291054,13335.1699432444,-999.800057186597,-0.199921935933683,exponential,waves,displacement,3,10
327,1.17345085991911,1000,3324.8712904864,13335.1731553432,-999.8,-0.199999999999996,exponential,waves,displacement,3,5
367,1.17345088256302,1000,3324.87089973755,13335.1711868379,-999.800033577391,-0.199956453966114,exponential,waves,displacement,3,5
407,1.17345089662542,1000,3324.87065523585,13335.1699550711,-999.800054966093,-0.199928064332682,exponential,waves,displacement,3,5
447,1.17345090144553,999.999999999998,3324.87057131965,13335.1695322754,-999.800062971834,-0.199916367684613,exponential,waves,displacement,3,5
487,1.17345089680122,1000,3324.87065291054,13335.1699432444,-999.800057186597,-0.199921935933995,exponential,waves,displacement,3,5
327,1.17346481899923,1000,3324.93541538228,13335.5117955569,-999.794417877824,-0.206441598262905,exponential,waves,density,3,20
367,1.17346468077515,1000,3324.9350245668,13335.5098265547,-999.794451504618,-0.206400284458742,exponential,waves,density,3,20
407,1.17346459445446,999.999999999999,3324.93478002173,13335.508594465,-999.794472951365,-0.206374335433853,exponential,waves,density,3,20
447,1.17346456487024,1000,3324.93469608763,13335.5081715375,-999.794481020931,-0.206365212958216,exponential,waves,density,3,20
487,1.17346459367462,999.999999999999,3324.93477768661,13335.5085825702,-999.794475300967,-0.206373335050793,exponential,waves,density,3,20
327,1.17346481899923,1000,3324.93541538228,13335.5117955569,-999.794417877824,-0.206441598262905,exponential,waves,density,3,10
367,1.17346468077511,1000,3324.93502456679,13335.5098265546,-999.794451504616,-0.206400284461641,exponential,waves,density,3,10
407,1.17346459445435,999.999999999999,3324.93478002173,13335.508594465,-999.794472951361,-0.206374335438553,exponential,waves,density,3,10
447,1.17346456487003,1000,3324.93469608764,13335.5081715375,-999.794481020926,-0.206365212963454,exponential,waves,density,3,10
487,1.17346459367437,1000,3324.93477768661,13335.5085825702,-999.794475300963,-0.206373335055395,exponential,waves,density,3,10
327,1.17346481899923,1000,3324.93541538228,13335.5117955569,-999.794417877824,-0.206441598262905,exponential,waves,density,3,5
367,1.1734646807751,1000,3324.93502456679,13335.5098265546,-999.794451504616,-0.206400284461822,exponential,waves,density,3,5
407,1.17346459445433,1000,3324.93478002173,13335.508594465,-999.794472951361,-0.206374335438847,exponential,waves,density,3,5
447,1.17346456487002,1000,3324.93469608764,13335.5081715375,-999.794481020926,-0.206365212963782,exponential,waves,density,3,5
487,1.17346459367436,1000,3324.93477768661,13335.5085825702,-999.794475300963,-0.206373335055683,exponential,waves,density,3,5
327,1.17345085991911,1000,3324.8712904864,13335.1731553432,-999.8,-0.199999999999996,exponential,waves,displacement,4,20
367,1.17345086204329,1000,3324.87129153936,13335.1731557848,-999.800000054625,-0.199999829391147,exponential,waves,displacement,4,20
407,1.1734508632358,1000,3324.87129219876,13335.1731560629,-999.800000105192,-0.199999572270295,exponential,waves,displacement,4,20
447,1.17345086362155,1000,3324.87129242598,13335.1731561612,-999.800000156268,-0.199999227846281,exponential,waves,displacement,4,20
487,1.17345086324897,999.999999999999,3324.87129220777,13335.1731560741,-999.800000203521,-0.19999880575554,exponential,waves,displacement,4,20
327,1.17345085991911,1000,3324.8712904864,13335.1731553432,-999.8,-0.199999999999996,exponential,waves,displacement,4,10
367,1.17345086204324,1000,3324.87129153933,13335.1731557847,-999.800000054625,-0.199999829391146,exponential,waves,displacement,4,10
407,1.17345086323569,1000,3324.87129219872,13335.1731560627,-999.800000105192,-0.199999572270299,exponential,waves,displacement,4,10
447,1.17345086362136,1000,3324.87129242594,13335.1731561609,-999.800000156268,-0.199999227846296,exponential,waves,displacement,4,10
487,1.17345086324875,1000,3324.87129220773,13335.1731560739,-999.800000203521,-0.199998805755572,exponential,waves,displacement,4,10
327,1.17345085991911,1000,3324.8712904864,13335.1731553432,-999.8,-0.199999999999996,exponential,waves,displacement,4,5
367,1.17345086204324,1000,3324.87129153933,13335.1731557847,-999.800000054625,-0.199999829391146,exponential,waves,displacement,4,5
407,1.17345086323567,999.999999999999,3324.87129219872,13335.1731560626,-999.800000105192,-0.199999572270299,exponential,waves,displacement,4,5
447,1.17345086362135,1000,3324.87129242594,13335.1731561609,-999.800000156268,-0.199999227846298,exponential,waves,displacement,4,5
487,1.17345086324874,999.999999999999,3324.87129220773,13335.1731560738,-999.800000203521,-0.199998805755575,exponential,waves,displacement,4,5
327,1.17344985185056,999.999999999999,3324.86649590508,13335.1509646815,-999.800387746896,-0.199488722779443,exponential,waves,density,4,20
367,1.17344985358375,1000,3324.86649696325,13335.1509651366,-999.8003879453,-0.199488664437443,exponential,waves,density,4,20
407,1.17344985466487,1000,3324.86649762587,13335.1509654236,-999.800388153302,-0.199488523078448,exponential,waves,density,4,20
447,1.17344985503555,999.999999999999,3324.86649785412,13335.1509655257,-999.800388367741,-0.199488292309991,exponential,waves,density,4,20
487,1.17344985467583,1000,3324.86649763472,13335.1509654374,-999.800388588077,-0.199487983608294,exponential,waves,density,4,20
327,1.17344985185056,999.999999999999,3324.86649590508,13335.1509646815,-999.800387746896,-0.199488722779443,exponential,waves,density,4,10
367,1.1734498535837,1000,3324.86649696324,13335.1509651365,-999.8003879453,-0.199488664437443,exponential,waves,density,4,10
407,1.17344985466475,1000,3324.86649762583,13335.1509654233,-999.800388153302,-0.199488523078452,exponential,waves,density,4,10
447,1.17344985503534,999.999999999999,3324.86649785408,13335.1509655254,-999.800388367741,-0.199488292310006,exponential,waves,density,4,10
487,1.17344985467557,1000,3324.86649763467,13335.1509654372,-999.800388588077,-0.199487983608326,exponential,waves,density,4,10
327,1.17344985185056,999.999999999999,3324.86649590508,13335.1509646815,-999.800387746896,-0.199488722779443,exponential,waves,density,4,5
367,1.1734498535837,1000,3324.86649696323,13335.1509651365,-999.8003879453,-0.199488664437443,exponential,waves,density,4,5
407,1.17344985466474,1000,3324.86649762582,13335.1509654233,-999.800388153302,-0.199488523078452,exponential,waves,density,4,5
447,1.17344985503532,1000,3324.86649785407,13335.1509655254,-999.800388367741,-0.199488292310008,exponential,waves,density,4,5
487,1.17344985467556,1000,3324.86649763467,13335.1509654371,-999.800388588077,-0.199487983608328,exponential,waves,density,4,5
327,1.1734508710396,1000,3324.8712904864,13335.1731553432,-999.8,-0.199999999999996,exponential,waves,displacement,5,20
367,1.17345087133203,1000,3324.87129053933,13335.1731552188,-999.800000013424,-0.199999929176533,exponential,waves,displacement,5,20
407,1.17345087137619,1000,3324.8712905725,13335.1731551411,-999.800000024374,-0.199999852047985,exponential,waves,displacement,5,20
447,1.17345087136827,1000,3324.8712905839,13335.1731551145,-999.800000032521,-0.199999769564397,exponential,waves,displacement,5,20
487,1.17345087137571,1000,3324.87129057289,13335.1731551405,-999.800000037683,-0.199999683797487,exponential,waves,displacement,5,20
327,1.1734508710396,1000,3324.8712904864,13335.1731553432,-999.8,-0.199999999999996,exponential,waves,displacement,5,10
367,1.17345087133153,999.999999999999,3324.87129053932,13335.1731552187,-999.800000013424,-0.199999929176535,exponential,waves,displacement,5,10
407,1.17345087137684,1000,3324.87129057245,13335.1731551408,-999.800000024374,-0.199999852047989,exponential,waves,displacement,5,10
447,1.17345087136768,1000,3324.87129058385,13335.1731551142,-999.800000032521,-0.199999769564404,exponential,waves,displacement,5,10
487,1.17345087137644,1000,3324.87129057285,13335.1731551402,-999.800000037683,-0.199999683797497,exponential,waves,displacement,5,10
327,1.1734508710396,1000,3324.8712904864,13335.1731553432,-999.8,-0.199999999999996,exponential,waves,displacement,5,5
367,1.17345087133121,999.999999999999,3324.87129053931,13335.1731552187,-999.800000013424,-0.199999929176535,exponential,waves,displacement,5,5
407,1.17345087137661,1000,3324.87129057244,13335.1731551408,-999.800000024374,-0.19999985204799,exponential,waves,displacement,5,5
447,1.17345087136766,1000,3324.87129058385,13335.1731551142,-999.800000032521,-0.199999769564405,exponential,waves,displacement,5,5
487,1.17345087137623,1000,3324.87129057285,13335.1731551402,-999.800000037683,-0.199999683797498,exponential,waves,displacement,5,5
327,1.17345086097651,999.999999999999,3324.87113572056,13335.1723858457,-999.800013505358,-0.199984486080283,exponential,waves,density,5,20
367,1.17345086107104,999.999999999999,3324.87113577371,13335.1723857216,-999.800013552613,-0.199984445657985,exponential,waves,density,5,20
407,1.17345086112495,999.999999999997,3324.87113580697,13335.1723856439,-999.800013599814,-0.199984398834744,exponential,waves,density,5,20
447,1.17345086114415,999.999999999999,3324.87113581839,13335.1723856173,-999.800013646076,-0.199984346560691,exponential,waves,density,5,20
487,1.17345086112524,1000,3324.87113580731,13335.1723856432,-999.800013691007,-0.199984290897108,exponential,waves,density,5,20
327,1.17345086097651,999.999999999999,3324.87113572056,13335.1723858457,-999.800013505358,-0.199984486080283,exponential,waves,density,5,10
367,1.17345086107053,1000,3324.87113577369,13335.1723857214,-999.800013552613,-0.199984445657987,exponential,waves,density,5,10
407,1.1734508611256,999.999999999999,3324.87113580693,13335.1723856437,-999.800013599814,-0.199984398834748,exponential,waves,density,5,10
447,1.17345086114353,1000,3324.87113581836,13335.172385617,-999.800013646076,-0.199984346560698,exponential,waves,density,5,10
487,1.17345086112593,1000,3324.87113580727,13335.1723856429,-999.800013691007,-0.199984290897118,exponential,waves,density,5,10
327,1.17345086097651,999.999999999999,3324.87113572056,13335.1723858457,-999.800013505358,-0.199984486080283,exponential,waves,density,5,5
367,1.17345086107021,1000,3324.87113577369,13335.1723857214,-999.800013552613,-0.199984445657987,exponential,waves,density,5,5
407,1.17345086112537,1000,3324.87113580693,13335.1723856437,-999.800013599814,-0.199984398834748,exponential,waves,density,5,5
447,1.17345086114351,1000,3324.87113581836,13335.172385617,-999.800013646076,-0.199984346560698,exponential,waves,density,5,5
487,1.17345086112572,1000,3324.87113580727,13335.1723856429,-999.800013691007,-0.199984290897119,exponential,waves,density,5,5
327,1.17345070129464,1000,3324.8712904864,13335.1731553432,-999.8,-0.199999999999997,exponential,waves,displacement,6,20
367,1.17345070158062,999.999999999999,3324.87129053934,13335.1731552188,-999.800000011626,-0.199999938840382,exponential,waves,displacement,6,20
407,1.17345070162264,1000,3324.87129057249,13335.173155141,-999.800000021392,-0.199999874426057,exponential,waves,displacement,6,20
447,1.17345070161249,1000,3324.87129058389,13335.1731551144,-999.800000029979,-0.199999808322879,exponential,waves,displacement,6,20
487,1.17345070162236,1000,3324.87129057289,13335.1731551405,-999.800000035995,-0.199999742186093,exponential,waves,displacement,6,20
327,1.17345070129464,1000,3324.8712904864,13335.1731553432,-999.8,-0.199999999999997,exponential,waves,displacement,6,10
367,1.17345070158064,1000,3324.87129053932,13335.1731552187,-999.800000011626,-0.199999938840384,exponential,waves,displacement,6,10
407,1.17345070162262,1000,3324.87129057245,13335.1731551408,-999.800000021392,-0.199999874426061,exponential,waves,displacement,6,10
447,1.17345070161241,1000,3324.87129058385,13335.1731551141,-999.800000029979,-0.199999808322886,exponential,waves,displacement,6,10
487,1.17345070162212,1000,3324.87129057285,13335.1731551402,-999.800000035995,-0.199999742186102,exponential,waves,displacement,6,10
327,1.17345070129464,1000,3324.8712904864,13335.1731553432,-999.8,-0.199999999999997,exponential,waves,displacement,6,5
367,1.17345070158061,1000,3324.87129053932,13335.1731552187,-999.800000011626,-0.199999938840384,exponential,waves,displacement,6,5
407,1.17345070162246,1000,3324.87129057244,13335.1731551408,-999.800000021392,-0.199999874426062,exponential,waves,displacement,6,5
447,1.17345070161272,1000,3324.87129058384,13335.1731551141,-999.800000029979,-0.199999808322887,exponential,waves,displacement,6,5
487,1.17345070162221,1000,3324.87129057285,13335.1731551402,-999.800000035995,-0.199999742186102,exponential,waves,displacement,6,5
327,1.17345069123155,1000,3324.87113572056,13335.1723858457,-999.800013505358,-0.199984486080283,exponential,waves,density,6,20
367,1.17345069131963,1000,3324.87113577371,13335.1723857216,-999.800013547723,-0.199984447811552,exponential,waves,density,6,20
407,1.1734506913714,1000,3324.87113580697,13335.1723856439,-999.800013589014,-0.199984406000955,exponential,waves,density,6,20
447,1.17345069138837,1000,3324.8711358184,13335.1723856172,-999.80001362827,-0.199984362213307,exponential,waves,density,6,20
487,1.1734506913719,1000,3324.87113580732,13335.1723856432,-999.800013664635,-0.199984318103495,exponential,waves,density,6,20
327,1.17345069123155,1000,3324.87113572056,13335.1723858457,-999.800013505358,-0.199984486080283,exponential,waves,density,6,10
367,1.17345069131965,1000,3324.87113577369,13335.1723857214,-999.800013547723,-0.199984447811554,exponential,waves,density,6,10
407,1.17345069137138,1000,3324.87113580693,13335.1723856436,-999.800013589014,-0.199984406000959,exponential,waves,density,6,10
447,1.17345069138827,1000,3324.87113581835,13335.1723856169,-999.80001362827,-0.199984362213314,exponential,waves,density,6,10
487,1.17345069137162,1000,3324.87113580727,13335.1723856429,-999.800013664635,-0.199984318103503,exponential,waves,density,6,10
327,1.17345069123155,1000,3324.87113572056,13335.1723858457,-999.800013505358,-0.199984486080283,exponential,waves,density,6,5
367,1.17345069131961,1000,3324.87113577369,13335.1723857214,-999.800013547723,-0.199984447811554,exponential,waves,density,6,5
407,1.17345069137122,1000,3324.87113580693,13335.1723856436,-999.800013589014,-0.199984406000959,exponential,waves,density,6,5
447,1.17345069138858,1000,3324.87113581835,13335.1723856169,-999.80001362827,-0.199984362213314,exponential,waves,density,6,5
487,1.17345069137171,1000,3324.87113580727,13335.1723856429,-999.800013664635,-0.199984318103504,exponential,waves,density,6,5
327,1.17345085991911,1000,3324.8712904864,13335.1731553432,-999.8,-0.199999999999996,exponential,waves,displacement,7,20
367,1.17345086020621,1000,3324.87129053934,13335.1731552188,-999.800000011626,-0.199999938840371,exponential,waves,displacement,7,20
407,1.17345086024877,1000,3324.87129057249,13335.173155141,-999.800000021392,-0.199999874426023,exponential,waves,displacement,7,20
447,1.17345086023893,1000,3324.87129058389,13335.1731551144,-999.800000029979,-0.199999808322823,exponential,waves,displacement,7,20
487,1.17345086024845,1000,3324.87129057289,13335.1731551405,-999.800000035995,-0.199999742186013,exponential,waves,displacement,7,20
327,1.17345085991911,1000,3324.8712904864,13335.1731553432,-999.8,-0.199999999999996,exponential,waves,displacement,7,10
367,1.17345086020618,1000,3324.87129053932,13335.1731552187,-999.800000011626,-0.199999938840373,exponential,waves,displacement,7,10
407,1.17345086024868,1000,3324.87129057245,13335.1731551408,-999.800000021392,-0.199999874426027,exponential,waves,displacement,7,10
447,1.17345086023877,1000,3324.87129058384,13335.1731551141,-999.800000029979,-0.19999980832283,exponential,waves,displacement,7,10
487,1.17345086024823,999.999999999999,3324.87129057285,13335.1731551402,-999.800000035995,-0.199999742186022,exponential,waves,displacement,7,10
327,1.17345085991911,1000,3324.8712904864,13335.1731553432,-999.8,-0.199999999999996,exponential,waves,displacement,7,5
367,1.17345086020617,999.999999999999,3324.87129053931,13335.1731552187,-999.800000011626,-0.199999938840374,exponential,waves,displacement,7,5
407,1.17345086024863,1000,3324.87129057244,13335.1731551408,-999.800000021392,-0.199999874426027,exponential,waves,displacement,7,5
447,1.17345086023884,1000,3324.87129058384,13335.1731551141,-999.800000029979,-0.19999980832283,exponential,waves,displacement,7,5
487,1.17345086024825,1000,3324.87129057284,13335.1731551402,-999.800000035995,-0.199999742186023,exponential,waves,displacement,7,5
327,1.17345084985601,1000,3324.87113572056,13335.1723858457,-999.800013505358,-0.199984486080284,exponential,waves,density,7,20
367,1.17345084994522,1000,3324.87113577371,13335.1723857216,-999.800013547723,-0.199984447811235,exponential,waves,density,7,20
407,1.17345084999753,1000,3324.87113580697,13335.1723856439,-999.800013589014,-0.199984406000304,exponential,waves,density,7,20
447,1.17345085001481,1000,3324.87113581839,13335.1723856172,-999.80001362827,-0.199984362212322,exponential,waves,density,7,20
487,1.17345084999798,1000,3324.87113580731,13335.1723856431,-999.800013664635,-0.19998431810217,exponential,waves,density,7,20
327,1.17345084985601,1000,3324.87113572056,13335.1723858457,-999.800013505358,-0.199984486080284,exponential,waves,density,7,10
367,1.17345084994518,1000,3324.87113577369,13335.1723857214,-999.800013547723,-0.199984447811237,exponential,waves,density,7,10
407,1.17345084999743,1000,3324.87113580693,13335.1723856436,-999.800013589014,-0.199984406000309,exponential,waves,density,7,10
447,1.17345085001462,1000,3324.87113581835,13335.1723856169,-999.80001362827,-0.199984362212328,exponential,waves,density,7,10
487,1.17345084999771,1000,3324.87113580727,13335.1723856429,-999.800013664635,-0.199984318102179,exponential,waves,density,7,10
327,1.17345084985601,1000,3324.87113572056,13335.1723858457,-999.800013505358,-0.199984486080284,exponential,waves,density,7,5
367,1.17345084994517,1000,3324.87113577368,13335.1723857214,-999.800013547723,-0.199984447811237,exponential,waves,density,7,5
407,1.17345084999739,1000,3324.87113580692,13335.1723856436,-999.800013589014,-0.199984406000309,exponential,waves,density,7,5
447,1.17345085001469,1000,3324.87113581835,13335.1723856169,-999.80001362827,-0.199984362212329,exponential,waves,density,7,5
487,1.17345084999773,1000,3324.87113580727,13335.1723856429,-999.800013664635,-0.19998431810218,exponential,waves,density,7,5
327,1.17345085991911,1000,3324.8712904864,13335.1731553432,-999.8,-0.199999999999996,exponential,waves,displacement,8,20
367,1.17345086020625,999.999999999999,3324.87129053934,13335.1731552188,-999.800000013588,-0.199999931934719,exponential,waves,displacement,8,20
407,1.17345086024879,1000,3324.87129057249,13335.1731551411,-999.800000024363,-0.199999855902075,exponential,waves,displacement,8,20
447,1.17345086023901,1000,3324.87129058389,13335.1731551144,-999.800000032275,-0.199999772834717,exponential,waves,displacement,8,20
487,1.17345086024847,1000,3324.87129057288,13335.1731551404,-999.800000036857,-0.199999685099685,exponential,waves,displacement,8,20
327,1.17345085991911,1000,3324.8712904864,13335.1731553432,-999.8,-0.199999999999996,exponential,waves,displacement,8,10
367,1.1734508602062,1000,3324.87129053932,13335.1731552187,-999.800000013588,-0.199999931934721,exponential,waves,displacement,8,10
407,1.17345086024868,1000,3324.87129057245,13335.1731551408,-999.800000024363,-0.199999855902079,exponential,waves,displacement,8,10
447,1.17345086023882,999.999999999999,3324.87129058385,13335.1731551141,-999.800000032275,-0.199999772834724,exponential,waves,displacement,8,10
487,1.17345086024825,1000,3324.87129057285,13335.1731551402,-999.800000036857,-0.199999685099695,exponential,waves,displacement,8,10
327,1.17345085991911,1000,3324.8712904864,13335.1731553432,-999.8,-0.199999999999996,exponential,waves,displacement,8,5
367,1.1734508602062,1000,3324.87129053932,13335.1731552187,-999.800000013588,-0.199999931934721,exponential,waves,displacement,8,5
407,1.17345086024866,1000,3324.87129057245,13335.1731551408,-999.800000024363,-0.199999855902079,exponential,waves,displacement,8,5
447,1.17345086023881,999.999999999999,3324.87129058384,13335.1731551141,-999.800000032275,-0.199999772834724,exponential,waves,displacement,8,5
487,1.17345086024825,1000,3324.87129057284,13335.1731551402,-999.800000036857,-0.199999685099696,exponential,waves,displacement,8,5
327,1.17345084985601,1000,3324.87113572056,13335.1723858457,-999.800013505358,-0.199984486080284,exponential,waves,density,8,20
367,1.17345084994525,1000,3324.87113577371,13335.1723857215,-999.80001355089,-0.199984447811395,exponential,waves,density,8,20
407,1.17345084999756,1000,3324.87113580697,13335.1723856439,-999.8000135969,-0.199984403722037,exponential,waves,density,8,20
447,1.17345085001488,1000,3324.87113581839,13335.1723856172,-999.800013642687,-0.199984351541852,exponential,waves,density,8,20
487,1.173450849998,1000,3324.87113580732,13335.1723856432,-999.800013687994,-0.199984294700818,exponential,waves,density,8,20
327,1.17345084985601,1000,3324.87113572056,13335.1723858457,-999.800013505358,-0.199984486080284,exponential,waves,density,8,10
367,1.17345084994521,1000,3324.87113577368,13335.1723857214,-999.80001355089,-0.199984447811397,exponential,waves,density,8,10
407,1.17345084999744,1000,3324.87113580693,13335.1723856436,-999.8000135969,-0.199984403722042,exponential,waves,density,8,10
447,1.17345085001467,1000,3324.87113581835,13335.1723856169,-999.800013642687,-0.199984351541859,exponential,waves,density,8,10
487,1.17345084999774,1000,3324.87113580728,13335.1723856429,-999.800013687994,-0.199984294700829,exponential,waves,density,8,10
327,1.17345084985601,1000,3324.87113572056,13335.1723858457,-999.800013505358,-0.199984486080284,exponential,waves,density,8,5
367,1.1734508499452,1000,3324.87113577368,13335.1723857214,-999.80001355089,-0.199984447811398,exponential,waves,density,8,5
407,1.17345084999742,1000,3324.87113580693,13335.1723856436,-999.8000135969,-0.199984403722042,exponential,waves,density,8,5
447,1.17345085001466,1000,3324.87113581834,13335.1723856169,-999.800013642687,-0.199984351541859,exponential,waves,density,8,5
487,1.17345084999774,1000,3324.87113580728,13335.1723856429,-999.800013687994,-0.199984294700829,exponential,waves,density,8,5
