deltaT,duration,acceptedRHS,rejectedRHS,evolutionSeconds,diagnosticSeconds,comparisonSeconds,wallSeconds,velocityError,densityError,sshError,initialVelocityError,initialDensityError,initialSSHError,energyInitial,energyChange,volumeChange,densityMomentChange,densitySquaredMomentChange,minimumLabel,maximumLabel,profile,scenario,form,config
20,160,32,0,0.106132291666667,0.0131215833333333,0.0173848333333333,0.13782725,2.3901984176199e-11,1.11338706915125e-12,1.80651784004131e-10,8.59921983802323e-19,7.04691095532018e-13,4.5805831019889e-20,1.1734210341629e-06,-1.35606163207151e-16,0,-6.35736796539277e-10,-3.21415427606553e-09,-999.999800000062,-0.000199999917743609,exponential,linear,divergence,1
10,160,64,0,0.220683708333333,0.013497,0.0174464166666667,0.252834833333333,2.3901754799241e-11,1.11338706915125e-12,1.80639524137725e-10,8.59921983802323e-19,7.04691095532018e-13,4.5805831019889e-20,1.1734210341629e-06,-1.35606374965388e-16,0,-6.36191543890163e-10,-3.21415427606553e-09,-999.999800000062,-0.000199999917743614,exponential,linear,divergence,1
5,160,128,0,0.44972775,0.014236875,0.01834475,0.483501958333333,2.39019920785016e-11,1.11338706915125e-12,1.80636074408324e-10,8.59921983802323e-19,7.04691095532018e-13,4.5805831019889e-20,1.1734210341629e-06,-1.35605739690677e-16,0,-6.35736796539277e-10,-3.21415427606553e-09,-999.999800000062,-0.000199999917743615,exponential,linear,divergence,1
20,160,32,0,0.111690541666667,0.0139488333333333,0.0219084166666667,0.148756458333333,2.39019841761583e-11,1.11338706915125e-12,1.80651784004131e-10,8.59921983802323e-19,7.04691095532018e-13,4.5805831019889e-20,1.1734210341629e-06,-1.35606163207151e-16,0,-6.35736796539277e-10,-3.21415427606553e-09,-999.999800000062,-0.000199999917743609,exponential,linear,advective,1
10,160,64,0,0.224734541666667,0.012440375,0.017732375,0.256281875,2.3901754799241e-11,1.11338706915125e-12,1.80639524137725e-10,8.59921983802323e-19,7.04691095532018e-13,4.5805831019889e-20,1.1734210341629e-06,-1.35606374965388e-16,0,-6.36191543890163e-10,-3.21415427606553e-09,-999.999800000062,-0.000199999917743614,exponential,linear,advective,1
5,160,128,0,0.4455815,0.0129002083333333,0.018453625,0.478284166666667,2.39019920785026e-11,1.11338706915125e-12,1.80636074408324e-10,8.59921983802323e-19,7.04691095532018e-13,4.5805831019889e-20,1.1734210341629e-06,-1.35605739690677e-16,0,-6.35736796539277e-10,-3.21415427606553e-09,-999.999800000062,-0.000199999917743615,exponential,linear,advective,1
20,160,32,0,0.141039166666667,0.0143927916666667,0.019133,0.175998,2.3901984176162e-11,1.11338706915125e-12,1.80651784004131e-10,8.59921983802323e-19,7.04691095532018e-13,4.5805831019889e-20,1.1734210341629e-06,-1.35606163207151e-16,0,-6.35736796539277e-10,-3.21415427606553e-09,-999.999800000062,-0.000199999917743609,exponential,linear,split,1
10,160,64,0,0.262903333333333,0.0146486666666667,0.0208508333333333,0.299757166666667,2.3901754799241e-11,1.11338706915125e-12,1.80639524137725e-10,8.59921983802323e-19,7.04691095532018e-13,4.5805831019889e-20,1.1734210341629e-06,-1.35606374965388e-16,0,-6.36191543890163e-10,-3.21415427606553e-09,-999.999800000062,-0.000199999917743614,exponential,linear,split,1
5,160,128,0,0.543248083333333,0.017618375,0.0197415416666667,0.582041791666667,2.39019920785026e-11,1.11338706915125e-12,1.80636074408324e-10,8.59921983802323e-19,7.04691095532018e-13,4.5805831019889e-20,1.1734210341629e-06,-1.35605739690677e-16,0,-6.35736796539277e-10,-3.21415427606553e-09,-999.999800000062,-0.000199999917743615,exponential,linear,split,1
20,160,32,0,0.122318291666667,0.0143945416666667,0.0190555,0.157123541666667,2.3901984176162e-11,1.11338706915125e-12,1.80651784004131e-10,8.59921983802323e-19,7.04691095532018e-13,4.5805831019889e-20,1.1734210341629e-06,-1.35606163207151e-16,0,-6.35736796539277e-10,-3.21415427606553e-09,-999.999800000062,-0.000199999917743609,exponential,linear,compatible,1
10,160,64,0,0.256916125,0.0159045,0.0192551666666667,0.293824083333333,2.3901754799241e-11,1.11338706915125e-12,1.80639524137725e-10,8.59921983802323e-19,7.04691095532018e-13,4.5805831019889e-20,1.1734210341629e-06,-1.35606374965388e-16,0,-6.36191543890163e-10,-3.21415427606553e-09,-999.999800000062,-0.000199999917743614,exponential,linear,compatible,1
5,160,128,0,0.527325666666667,0.0147191666666667,0.019726375,0.563403583333333,2.39019920785026e-11,1.11338706915125e-12,1.80636074408324e-10,8.59921983802323e-19,7.04691095532018e-13,4.5805831019889e-20,1.1734210341629e-06,-1.35605739690677e-16,0,-6.35736796539277e-10,-3.21415427606553e-09,-999.999800000062,-0.000199999917743615,exponential,linear,compatible,1
20,160,32,0,0.235639375,0.0235440416666667,0.0292335416666667,0.290046,2.41787916345586e-11,1.11195944164101e-12,1.85520508368009e-10,8.60203344698245e-19,7.14536191835973e-13,4.72339353961809e-20,1.1734210341629e-06,-1.35607433756572e-16,0,-6.3528204918839e-10,-3.20324033964425e-09,-999.999800000063,-0.000199999916353962,exponential,linear,divergence,2
10,160,64,0,0.447039583333333,0.021793625,0.028478,0.498613708333333,2.41765953627697e-11,1.11192427692586e-12,1.854880052128e-10,8.60203344698245e-19,7.14536191835973e-13,4.72339353961809e-20,1.1734210341629e-06,-1.35607221998335e-16,1.13686837721616e-13,-6.35736796539277e-10,-3.20142135024071e-09,-999.999800000063,-0.000199999916353967,exponential,linear,divergence,2
5,160,128,0,0.784584833333333,0.0187088333333333,0.025389625,0.829977625,2.41768488719975e-11,1.1118959045837e-12,1.85489554829849e-10,8.60203344698245e-19,7.14536191835973e-13,4.72339353961809e-20,1.1734210341629e-06,-1.35607221998335e-16,1.13686837721616e-13,-6.35736796539277e-10,-3.20142135024071e-09,-999.999800000063,-0.000199999916353968,exponential,linear,divergence,2
20,160,32,0,0.191842291666667,0.0191693333333333,0.0250967916666667,0.237388458333333,2.41787916345592e-11,1.11195944164101e-12,1.85520508368009e-10,8.60203344698245e-19,7.14536191835973e-13,4.72339353961809e-20,1.1734210341629e-06,-1.35607433756572e-16,0,-6.3528204918839e-10,-3.20324033964425e-09,-999.999800000063,-0.000199999916353962,exponential,linear,advective,2
10,160,64,0,0.392037958333333,0.0195445416666667,0.0268909166666667,0.439804541666667,2.41765953627694e-11,1.11192427692586e-12,1.854880052128e-10,8.60203344698245e-19,7.14536191835973e-13,4.72339353961809e-20,1.1734210341629e-06,-1.35607221998335e-16,1.13686837721616e-13,-6.35736796539277e-10,-3.20142135024071e-09,-999.999800000063,-0.000199999916353967,exponential,linear,advective,2
5,160,128,0,0.793344583333333,0.0196404166666667,0.02624675,0.84044775,2.41768488719855e-11,1.1118959045837e-12,1.85489554829849e-10,8.60203344698245e-19,7.14536191835973e-13,4.72339353961809e-20,1.1734210341629e-06,-1.35607221998335e-16,1.13686837721616e-13,-6.35736796539277e-10,-3.20142135024071e-09,-999.999800000063,-0.000199999916353968,exponential,linear,advective,2
20,160,32,0,0.232196208333333,0.0199649166666667,0.0252049583333333,0.278741208333333,2.41787916345586e-11,1.11195944164101e-12,1.85520508368009e-10,8.60203344698245e-19,7.14536191835973e-13,4.72339353961809e-20,1.1734210341629e-06,-1.35607433756572e-16,0,-6.3528204918839e-10,-3.20324033964425e-09,-999.999800000063,-0.000199999916353962,exponential,linear,split,2
10,160,64,0,0.494644958333333,0.018815875,0.0253235833333333,0.5401605,2.41765953627694e-11,1.11192427692586e-12,1.854880052128e-10,8.60203344698245e-19,7.14536191835973e-13,4.72339353961809e-20,1.1734210341629e-06,-1.35607221998335e-16,1.13686837721616e-13,-6.35736796539277e-10,-3.20142135024071e-09,-999.999800000063,-0.000199999916353967,exponential,linear,split,2
5,160,128,0,0.950789125,0.0209240416666667,0.0259260833333333,0.998998333333333,2.41768488719967e-11,1.1118959045837e-12,1.85489554829849e-10,8.60203344698245e-19,7.14536191835973e-13,4.72339353961809e-20,1.1734210341629e-06,-1.35607221998335e-16,1.13686837721616e-13,-6.35736796539277e-10,-3.20142135024071e-09,-999.999800000063,-0.000199999916353968,exponential,linear,split,2
20,160,32,0,0.222538166666667,0.0217321666666667,0.0259555416666667,0.2716385,2.41787916345586e-11,1.11195944164101e-12,1.85520508368009e-10,8.60203344698245e-19,7.14536191835973e-13,4.72339353961809e-20,1.1734210341629e-06,-1.35607433756572e-16,0,-6.3528204918839e-10,-3.20324033964425e-09,-999.999800000063,-0.000199999916353962,exponential,linear,compatible,2
10,160,64,0,0.468745416666667,0.0184397083333333,0.0255894166666667,0.514154416666667,2.41765953627694e-11,1.11192427692586e-12,1.854880052128e-10,8.60203344698245e-19,7.14536191835973e-13,4.72339353961809e-20,1.1734210341629e-06,-1.35607221998335e-16,1.13686837721616e-13,-6.35736796539277e-10,-3.20142135024071e-09,-999.999800000063,-0.000199999916353967,exponential,linear,compatible,2
5,160,128,0,0.856927,0.018033,0.0260272916666667,0.902240166666667,2.41768488719967e-11,1.1118959045837e-12,1.85489554829849e-10,8.60203344698245e-19,7.14536191835973e-13,4.72339353961809e-20,1.1734210341629e-06,-1.35607221998335e-16,1.13686837721616e-13,-6.35736796539277e-10,-3.20142135024071e-09,-999.999800000063,-0.000199999916353968,exponential,linear,compatible,2
20,160,32,0,0.238166125,0.022575875,0.033926625,0.295984583333333,4.85262507731755e-12,1.10473209653188e-12,3.71218306365358e-11,3.36000745020158e-19,7.34188005352795e-13,4.72339353961809e-20,1.17342119273898e-06,-1.3560552793244e-16,-4.54747350886464e-13,-6.38920027995482e-10,-3.21051629725844e-09,-999.999800000063,-0.000199999916354058,exponential,linear,divergence,3
10,160,64,0,0.480721375,0.0222783333333333,0.0337844583333333,0.538141916666667,4.85206162726022e-12,1.10467659058239e-12,3.71137235644187e-11,3.36000745020158e-19,7.34188005352795e-13,4.72339353961809e-20,1.17342119273898e-06,-1.35605104415967e-16,-4.54747350886464e-13,-6.38920027995482e-10,-3.21051629725844e-09,-999.999800000063,-0.000199999916354064,exponential,linear,divergence,3
5,160,128,0,0.94118725,0.0220395,0.0339580416666667,0.998495583333333,4.8521279233938e-12,1.10463757386172e-12,3.71141299605094e-11,3.36000745020158e-19,7.34188005352795e-13,4.72339353961809e-20,1.17342119273898e-06,-1.35607857273045e-16,-4.54747350886464e-13,-6.38920027995482e-10,-3.20869730785489e-09,-999.999800000063,-0.000199999916354064,exponential,linear,divergence,3
20,160,32,0,0.237785041666667,0.022270125,0.0359054166666667,0.297277041666667,4.85262507731769e-12,1.10473209653188e-12,3.71218306365358e-11,3.36000745020158e-19,7.34188005352795e-13,4.72339353961809e-20,1.17342119273898e-06,-1.3560552793244e-16,-4.54747350886464e-13,-6.38920027995482e-10,-3.21051629725844e-09,-999.999800000063,-0.000199999916354058,exponential,linear,advective,3
10,160,64,0,0.480807458333333,0.0228482916666667,0.0342358333333333,0.539082208333333,4.8520616272599e-12,1.10467659058239e-12,3.71137235644187e-11,3.36000745020158e-19,7.34188005352795e-13,4.72339353961809e-20,1.17342119273898e-06,-1.35605104415967e-16,-4.54747350886464e-13,-6.38920027995482e-10,-3.21051629725844e-09,-999.999800000063,-0.000199999916354064,exponential,linear,advective,3
5,160,128,0,0.947152916666667,0.022503125,0.0334098333333333,1.00436720833333,4.85212792339355e-12,1.10463757386172e-12,3.71141299605094e-11,3.36000745020158e-19,7.34188005352795e-13,4.72339353961809e-20,1.17342119273898e-06,-1.35607857273045e-16,-4.54747350886464e-13,-6.38920027995482e-10,-3.20869730785489e-09,-999.999800000063,-0.000199999916354064,exponential,linear,advective,3
20,160,32,0,0.287968125,0.022372625,0.0335188333333333,0.345170333333333,4.85262507731768e-12,1.10473209653188e-12,3.71218306365358e-11,3.36000745020158e-19,7.34188005352795e-13,4.72339353961809e-20,1.17342119273898e-06,-1.3560552793244e-16,-4.54747350886464e-13,-6.38920027995482e-10,-3.21051629725844e-09,-999.999800000063,-0.000199999916354058,exponential,linear,split,3
10,160,64,0,0.582393333333333,0.0223326666666667,0.033371625,0.639432208333333,4.85206162726014e-12,1.10467659058239e-12,3.71137235644187e-11,3.36000745020158e-19,7.34188005352795e-13,4.72339353961809e-20,1.17342119273898e-06,-1.35605104415967e-16,-4.54747350886464e-13,-6.38920027995482e-10,-3.21051629725844e-09,-999.999800000063,-0.000199999916354064,exponential,linear,split,3
5,160,128,0,1.13827391666667,0.0221505,0.0334935416666667,1.195167125,4.852127923393e-12,1.10463757386172e-12,3.71141299605094e-11,3.36000745020158e-19,7.34188005352795e-13,4.72339353961809e-20,1.17342119273898e-06,-1.35607857273045e-16,-4.54747350886464e-13,-6.38920027995482e-10,-3.20869730785489e-09,-999.999800000063,-0.000199999916354064,exponential,linear,split,3
20,160,32,0,0.265845125,0.02187225,0.0339965,0.323156166666667,4.85262507731768e-12,1.10473209653188e-12,3.71218306365358e-11,3.36000745020158e-19,7.34188005352795e-13,4.72339353961809e-20,1.17342119273898e-06,-1.3560552793244e-16,-4.54747350886464e-13,-6.38920027995482e-10,-3.21051629725844e-09,-999.999800000063,-0.000199999916354058,exponential,linear,compatible,3
10,160,64,0,0.534795083333333,0.0226579166666667,0.0356046666666667,0.594359375,4.85206162726013e-12,1.10467659058239e-12,3.71137235644187e-11,3.36000745020158e-19,7.34188005352795e-13,4.72339353961809e-20,1.17342119273898e-06,-1.35605104415967e-16,-4.54747350886464e-13,-6.38920027995482e-10,-3.21051629725844e-09,-999.999800000063,-0.000199999916354064,exponential,linear,compatible,3
5,160,128,0,1.063864375,0.022160875,0.03412025,1.121494625,4.852127923393e-12,1.10463757386172e-12,3.71141299605094e-11,3.36000745020158e-19,7.34188005352795e-13,4.72339353961809e-20,1.17342119273898e-06,-1.35607857273045e-16,-4.54747350886464e-13,-6.38920027995482e-10,-3.20869730785489e-09,-999.999800000063,-0.000199999916354064,exponential,linear,compatible,3
20,160,32,0,0.244201541666667,0.0222547083333333,0.0341464166666667,0.301888625,4.83687204459145e-12,7.36180647073089e-13,3.71100027341151e-11,3.3763146628277e-19,7.34188005352795e-13,4.72339353961809e-20,1.17342119273898e-06,3.0277192699605e-18,-4.54747350886464e-13,2.27373675443232e-12,5.45696821063757e-12,-999.9998,-0.000199999998805796,exponential,linear,divergence,4
10,160,64,0,0.483417083333333,0.0225650416666667,0.0331240416666667,0.540480166666667,4.8363067736808e-12,7.3620780687622e-13,3.71018979409481e-11,3.3763146628277e-19,7.34188005352795e-13,4.72339353961809e-20,1.17342119273898e-06,3.02708399525006e-18,-4.54747350886464e-13,1.81898940354586e-12,5.45696821063757e-12,-999.9998,-0.000199999998805796,exponential,linear,divergence,4
5,160,128,0,0.967684791666667,0.0223635833333333,0.0324535,1.023998125,4.83637328142955e-12,7.36318246421363e-13,3.71023043804509e-11,3.3763146628277e-19,7.34188005352795e-13,4.72339353961809e-20,1.17342119273898e-06,3.02750751172368e-18,-4.54747350886464e-13,1.81898940354586e-12,5.45696821063757e-12,-999.9998,-0.000199999998805796,exponential,linear,divergence,4
20,160,32,0,0.240359541666667,0.02246775,0.03223175,0.296444666666667,4.83687204459126e-12,7.36180647073089e-13,3.71100027341151e-11,3.3763146628277e-19,7.34188005352795e-13,4.72339353961809e-20,1.17342119273898e-06,3.0277192699605e-18,-4.54747350886464e-13,2.27373675443232e-12,5.45696821063757e-12,-999.9998,-0.000199999998805796,exponential,linear,advective,4
10,160,64,0,0.481769833333333,0.02258525,0.0341509583333333,0.539741708333333,4.83630677368311e-12,7.3620780687622e-13,3.71018979409481e-11,3.3763146628277e-19,7.34188005352795e-13,4.72339353961809e-20,1.17342119273898e-06,3.02708399525006e-18,-4.54747350886464e-13,1.81898940354586e-12,5.45696821063757e-12,-999.9998,-0.000199999998805796,exponential,linear,advective,4
5,160,128,0,0.963134375,0.0223308333333333,0.0325566666666667,1.01911070833333,4.83637328142948e-12,7.36318246421363e-13,3.71023043804509e-11,3.3763146628277e-19,7.34188005352795e-13,4.72339353961809e-20,1.17342119273898e-06,3.02750751172368e-18,-4.54747350886464e-13,1.81898940354586e-12,5.45696821063757e-12,-999.9998,-0.000199999998805796,exponential,linear,advective,4
20,160,32,0,0.29254375,0.0227733333333333,0.03328125,0.349750708333333,4.83687204459127e-12,7.36180647073089e-13,3.71100027341151e-11,3.3763146628277e-19,7.34188005352795e-13,4.72339353961809e-20,1.17342119273898e-06,3.0277192699605e-18,-4.54747350886464e-13,2.27373675443232e-12,5.45696821063757e-12,-999.9998,-0.000199999998805796,exponential,linear,split,4
10,160,64,0,0.579592458333333,0.022053375,0.0333120833333333,0.636215541666667,4.83630677368244e-12,7.3620780687622e-13,3.71018979409481e-11,3.3763146628277e-19,7.34188005352795e-13,4.72339353961809e-20,1.17342119273898e-06,3.02708399525006e-18,-4.54747350886464e-13,1.81898940354586e-12,5.45696821063757e-12,-999.9998,-0.000199999998805796,exponential,linear,split,4
5,160,128,0,1.16988241666667,0.0226141666666667,0.0346909583333333,1.22856533333333,4.83637328142949e-12,7.36318246421363e-13,3.71023043804509e-11,3.3763146628277e-19,7.34188005352795e-13,4.72339353961809e-20,1.17342119273898e-06,3.02750751172368e-18,-4.54747350886464e-13,1.81898940354586e-12,5.45696821063757e-12,-999.9998,-0.000199999998805796,exponential,linear,split,4
20,160,32,0,0.274736,0.0228041666666667,0.033901375,0.332669208333333,4.83687204459127e-12,7.36180647073089e-13,3.71100027341151e-11,3.3763146628277e-19,7.34188005352795e-13,4.72339353961809e-20,1.17342119273898e-06,3.0277192699605e-18,-4.54747350886464e-13,2.27373675443232e-12,5.45696821063757e-12,-999.9998,-0.000199999998805796,exponential,linear,compatible,4
10,160,64,0,0.549267583333333,0.0227412916666667,0.0339690833333333,0.6071975,4.83630677368244e-12,7.3620780687622e-13,3.71018979409481e-11,3.3763146628277e-19,7.34188005352795e-13,4.72339353961809e-20,1.17342119273898e-06,3.02708399525006e-18,-4.54747350886464e-13,1.81898940354586e-12,5.45696821063757e-12,-999.9998,-0.000199999998805796,exponential,linear,compatible,4
5,160,128,0,1.10268625,0.0222383333333333,0.0343624583333333,1.160606,4.83637328142949e-12,7.36318246421363e-13,3.71023043804509e-11,3.3763146628277e-19,7.34188005352795e-13,4.72339353961809e-20,1.17342119273898e-06,3.02750751172368e-18,-4.54747350886464e-13,1.81898940354586e-12,5.45696821063757e-12,-999.9998,-0.000199999998805796,exponential,linear,compatible,4
20,160,32,0,0.748485625,0.0733531666666667,0.0916545416666667,0.91460325,4.22901740874143e-15,2.39598730427286e-14,4.04138855061569e-14,0,0,0,1.1734212323467e-06,2.3928680759934e-19,-2.27373675443232e-13,2.18278728425503e-11,-8.73114913702011e-11,-999.9998,-0.000199999999684103,exponential,linear,divergence,5
10,160,64,0,1.49314891666667,0.0722445416666667,0.0993527083333333,1.66607220833333,7.53075772070915e-16,1.19241723558153e-14,7.84796513635608e-15,0,0,0,1.1734212323467e-06,2.42463181151543e-19,-2.27373675443232e-13,2.18278728425503e-11,-8.54925019666553e-11,-999.9998,-0.000199999999684103,exponential,linear,divergence,5
5,160,128,0,2.94145566666667,0.069496375,0.097311125,3.10949325,2.55855628122775e-16,3.39891207118676e-15,2.38502339293513e-15,0,0,0,1.1734212323467e-06,2.36533950520763e-19,-2.27373675443232e-13,2.18278728425503e-11,-8.54925019666553e-11,-999.9998,-0.000199999999684103,exponential,linear,divergence,5
20,160,32,0,0.744009041666667,0.073508875,0.0927706666666667,0.911457625,4.22901740902616e-15,2.39598730427286e-14,4.04138855061569e-14,0,0,0,1.1734212323467e-06,2.39498565836153e-19,-2.27373675443232e-13,2.18278728425503e-11,-8.73114913702011e-11,-999.9998,-0.000199999999684103,exponential,linear,advective,5
10,160,64,0,1.46666154166667,0.0723972083333333,0.0957454166666667,1.63607833333333,7.53075771882861e-16,1.19241723558153e-14,7.84796513635608e-15,0,0,0,1.1734212323467e-06,2.42463181151543e-19,-2.27373675443232e-13,2.18278728425503e-11,-8.54925019666553e-11,-999.9998,-0.000199999999684103,exponential,linear,advective,5
5,160,128,0,2.988882,0.0752947083333333,0.096228875,3.16167166666667,2.55855629948946e-16,3.39891207118676e-15,2.38502339293513e-15,0,0,0,1.1734212323467e-06,2.36533950520763e-19,-2.27373675443232e-13,2.18278728425503e-11,-8.54925019666553e-11,-999.9998,-0.000199999999684103,exponential,linear,advective,5
20,160,32,0,0.840345625,0.073290125,0.0980590416666667,1.01308004166667,4.22901740927427e-15,2.39598730427286e-14,4.04138855061569e-14,0,0,0,1.1734212323467e-06,2.39498565836153e-19,-2.27373675443232e-13,2.18278728425503e-11,-8.73114913702011e-11,-999.9998,-0.000199999999684103,exponential,linear,split,5
10,160,64,0,1.684984,0.0726134166666667,0.0949001666666667,1.85369541666667,7.53075771074769e-16,1.19241723558153e-14,7.84796513635608e-15,0,0,0,1.1734212323467e-06,2.42463181151543e-19,-2.27373675443232e-13,2.18278728425503e-11,-8.54925019666553e-11,-999.9998,-0.000199999999684103,exponential,linear,split,5
5,160,128,0,3.36708366666667,0.0720682083333333,0.095991625,3.53645395833333,2.55855628122775e-16,3.39891207118676e-15,2.38502339293513e-15,0,0,0,1.1734212323467e-06,2.36533950520763e-19,-2.27373675443232e-13,2.18278728425503e-11,-8.54925019666553e-11,-999.9998,-0.000199999999684103,exponential,linear,split,5
20,160,32,0,0.818185125,0.0713562916666667,0.093991625,0.984748083333333,4.22901740927427e-15,2.39598730427286e-14,4.04138855061569e-14,0,0,0,1.1734212323467e-06,2.39498565836153e-19,-2.27373675443232e-13,2.18278728425503e-11,-8.73114913702011e-11,-999.9998,-0.000199999999684103,exponential,linear,compatible,5
10,160,64,0,1.622912125,0.067324,0.095452,1.78683058333333,7.53075771074769e-16,1.19241723558153e-14,7.84796513635608e-15,0,0,0,1.1734212323467e-06,2.42463181151543e-19,-2.27373675443232e-13,2.18278728425503e-11,-8.54925019666553e-11,-999.9998,-0.000199999999684103,exponential,linear,compatible,5
5,160,128,0,3.27458341666667,0.073385375,0.0945050833333333,3.44381925,2.55855628122775e-16,3.39891207118676e-15,2.38502339293513e-15,0,0,0,1.1734212323467e-06,2.36533950520763e-19,-2.27373675443232e-13,2.18278728425503e-11,-8.54925019666553e-11,-999.9998,-0.000199999999684103,exponential,linear,compatible,5
