deltaT,duration,acceptedRHS,rejectedRHS,evolutionSeconds,diagnosticSeconds,comparisonSeconds,wallSeconds,velocityError,densityError,sshError,initialVelocityError,initialDensityError,initialSSHError,energyInitial,energyChange,volumeChange,densityMomentChange,densitySquaredMomentChange,minimumLabel,maximumLabel,scenario,form,config
20,2000,400,0,1.36118395833333,0.123166458333333,0.174652708333333,1.674813875,4.59803440606677e-06,6.08026325313058e-06,1.32195569501754e-06,3.3116666286523e-14,1.26070959234989e-10,4.86891366586258e-17,1.17345070129464,-4.97292815815342e-08,6.82121026329696e-13,0.000977252936536388,0.00490245014043467,-999.800082033498,-0.199878703181488,waves,divergence,1
10,2000,800,0,2.41524666666667,0.130174,0.1864345,2.74514770833333,4.59803438990169e-06,6.08026320384789e-06,1.32200801980174e-06,3.3116666286523e-14,1.26070959234989e-10,4.86891366586258e-17,1.17345070129464,-4.9735672025264e-08,5.6843418860808e-13,0.000977252930169925,0.00490245016408153,-999.800082033494,-0.19987870318699,waves,divergence,1
20,2000,400,0,1.27140754166667,0.112526375,0.169251791666667,1.57063320833333,4.59803440235753e-06,6.08026326343235e-06,1.32195646450665e-06,3.3116666286523e-14,1.26070959234989e-10,4.86891366586258e-17,1.17345070129464,-4.97292835799357e-08,4.54747350886464e-13,0.000977252936536388,0.00490245013133972,-999.800082033497,-0.199878703178948,waves,advective,1
10,2000,800,0,2.45280208333333,0.118307916666667,0.180884583333333,2.769122875,4.59803438619279e-06,6.08026320301033e-06,1.32200878927644e-06,3.3116666286523e-14,1.26070959234989e-10,4.86891366586258e-17,1.17345070129464,-4.97356744677546e-08,5.6843418860808e-13,0.000977252931534167,0.00490245016590052,-999.800082033493,-0.199878703184449,waves,advective,1
20,2000,400,0,1.475835875,0.116191083333333,0.179448375,1.78835754166667,4.598034404208e-06,6.08026326170016e-06,1.32195607975077e-06,3.3116666286523e-14,1.26070959234989e-10,4.86891366586258e-17,1.17345070129464,-4.97292831358465e-08,5.6843418860808e-13,0.000977252938355377,0.00490245016226254,-999.800082033497,-0.199878703180218,waves,split,1
10,2000,800,0,2.88844816666667,0.108604833333333,0.162256083333333,3.176805,4.59803438804297e-06,6.08026320491985e-06,1.32200840453098e-06,3.3116666286523e-14,1.26070959234989e-10,4.86891366586258e-17,1.17345070129464,-4.97356733575316e-08,4.54747350886464e-13,0.000977252930624672,0.00490245015498658,-999.800082033493,-0.199878703185719,waves,split,1
20,2000,400,0,1.286294125,0.130159208333333,0.180724291666667,1.61161575,4.59803440420798e-06,6.08026326170016e-06,1.32195607975077e-06,3.3116666286523e-14,1.26070959234989e-10,4.86891366586258e-17,1.17345070129464,-4.97292831358465e-08,5.6843418860808e-13,0.000977252938355377,0.00490245016226254,-999.800082033497,-0.199878703180218,waves,compatible,1
10,2000,800,0,2.406776625,0.110641041666667,0.163699125,2.69445933333333,4.59803438804301e-06,6.08026320491985e-06,1.32200840453098e-06,3.3116666286523e-14,1.26070959234989e-10,4.86891366586258e-17,1.17345070129464,-4.97356733575316e-08,4.54747350886464e-13,0.000977252930624672,0.00490245015498658,-999.800082033493,-0.199878703185719,waves,compatible,1
20,2000,400,0,2.96929275,0.242601083333333,0.3758425,3.60374775,1.8975553450429e-07,2.77703658218324e-07,3.98984929585613e-07,3.37748147465305e-16,7.37113766601739e-13,5.19831397816476e-17,1.17345085991911,-5.92372240149075e-09,1.02318153949454e-12,-2.03926538233645e-06,8.26994437375106e-07,-999.800001121974,-0.19998792022407,waves,divergence,2
10,2000,800,0,5.92617925,0.243860875,0.353919,6.53692516666667,1.89756379741615e-07,2.77703664426986e-07,3.9894016589117e-07,3.37748147465305e-16,7.37113766601739e-13,5.19831397816476e-17,1.17345085991911,-5.92409499233781e-09,1.81898940354586e-12,-2.03920262720203e-06,8.2737096818164e-07,-999.800001121974,-0.199987920224271,waves,divergence,2
20,2000,400,0,3.177693375,0.245001875,0.391310583333333,3.82752183333333,1.89755534445351e-07,2.77703658362778e-07,3.9898493162134e-07,3.37748147465305e-16,7.37113766601739e-13,5.19831397816476e-17,1.17345085991911,-5.92372262353535e-09,1.02318153949454e-12,-2.0392649275891e-06,8.26992618385702e-07,-999.800001121974,-0.199987920224085,waves,advective,2
10,2000,800,0,6.33089158333333,0.241711125,0.391053375,6.977178125,1.89756379682621e-07,2.77703664994181e-07,3.98940167930573e-07,3.37748147465305e-16,7.37113766601739e-13,5.19831397816476e-17,1.17345085991911,-5.92409410415939e-09,1.81898940354586e-12,-2.03920262720203e-06,8.27369149192236e-07,-999.800001121974,-0.199987920224287,waves,advective,2
20,2000,400,0,3.745683375,0.233748791666667,0.38321975,4.377001625,1.89755534474859e-07,2.77703658407778e-07,3.98984930603881e-07,3.37748147465305e-16,7.37113766601739e-13,5.19831397816476e-17,1.17345085991911,-5.92372217944614e-09,1.02318153949454e-12,-2.0392649275891e-06,8.26994437375106e-07,-999.800001121974,-0.199987920224077,waves,split,2
10,2000,800,0,7.49747679166667,0.241593916666667,0.374634875,8.12760845833333,1.8975637971234e-07,2.77703664077051e-07,3.98940166909809e-07,3.37748147465305e-16,7.37113766601739e-13,5.19831397816476e-17,1.17345085991911,-5.92409521438242e-09,1.81898940354586e-12,-2.03920262720203e-06,8.2737096818164e-07,-999.800001121974,-0.199987920224279,waves,split,2
20,2000,400,0,3.38729720833333,0.232083833333333,0.362501291666667,3.994396375,1.89755534474842e-07,2.77703658407778e-07,3.98984930603881e-07,3.37748147465305e-16,7.37113766601739e-13,5.19831397816476e-17,1.17345085991911,-5.92372217944614e-09,1.02318153949454e-12,-2.0392649275891e-06,8.26994437375106e-07,-999.800001121974,-0.199987920224077,waves,compatible,2
10,2000,800,0,6.93108925,0.231437333333333,0.362401041666667,7.53906795833333,1.89756379712342e-07,2.77703664077051e-07,3.98940166909619e-07,3.37748147465305e-16,7.37113766601739e-13,5.19831397816476e-17,1.17345085991911,-5.92409521438242e-09,1.81898940354586e-12,-2.03920262720203e-06,8.2737096818164e-07,-999.800001121974,-0.199987920224279,waves,compatible,2
20,2000,400,0,1.07735220833333,0.100204041666667,0.1546695,1.33986491666667,4.63096663869041e-06,6.25596314356569e-06,1.31974109267643e-06,3.31148807628514e-14,1.25995933859203e-10,5.41259046215768e-17,1.17546558336376,2.28565475435261e-08,-9.09494701772928e-13,0.00114388332622184,0.00552353313833009,-999.809692073041,-0.179973731799518,mixed,divergence,1
10,2000,800,0,2.21818075,0.0969986666666667,0.150107,2.47328470833333,4.63096662544411e-06,6.25596307992331e-06,1.31979434582121e-06,3.31148807628514e-14,1.25995933859203e-10,5.41259046215768e-17,1.17546558336376,2.28502798904628e-08,-6.82121026329696e-13,0.0011438833162174,0.00552353313105414,-999.809692073037,-0.17997373180501,mixed,divergence,1
20,2000,400,0,1.04067495833333,0.0889358333333333,0.152403625,1.287618125,4.63096663492202e-06,6.25596314555163e-06,1.3197418629533e-06,3.31148807628514e-14,1.25995933859203e-10,5.41259046215768e-17,1.17546558336376,2.28565455451246e-08,-1.02318153949454e-12,0.00114388332349336,0.0055235331201402,-999.809692073041,-0.179973731801705,mixed,advective,1
10,2000,800,0,1.979425125,0.091257125,0.139006416666667,2.21525054166667,4.63096662167578e-06,6.25596308181504e-06,1.31979511608694e-06,3.31148807628514e-14,1.25995933859203e-10,5.41259046215768e-17,1.17546558336376,2.28502772259276e-08,-6.82121026329696e-13,0.00114388331758164,0.00552353317289089,-999.809692073037,-0.179973731807196,mixed,advective,1
20,2000,400,0,1.33035504166667,0.0933056666666667,0.176270208333333,1.61265279166667,4.63096663680175e-06,6.2559631484908e-06,1.31974147779289e-06,3.31148807628514e-14,1.25995933859203e-10,5.41259046215768e-17,1.17546558336376,2.28565466553476e-08,-1.13686837721616e-12,0.00114388332713133,0.00552353314014908,-999.809692073041,-0.179973731800611,mixed,split,1
10,2000,800,0,2.42347979166667,0.101337791666667,0.155640166666667,2.68718258333333,4.63096662355585e-06,6.25596308025611e-06,1.31979473094464e-06,3.31148807628514e-14,1.25995933859203e-10,5.41259046215768e-17,1.17546558336376,2.28502772259276e-08,-6.82121026329696e-13,0.0011438833162174,0.00552353315288201,-999.809692073037,-0.179973731806103,mixed,split,1
20,2000,400,0,1.032009625,0.0933984583333333,0.144377833333333,1.27543479166667,4.63096663680195e-06,6.2559631484908e-06,1.31974147779289e-06,3.31148807628514e-14,1.25995933859203e-10,5.41259046215768e-17,1.17546558336376,2.28565466553476e-08,-1.13686837721616e-12,0.00114388332713133,0.00552353314014908,-999.809692073041,-0.179973731800611,mixed,compatible,1
10,2000,800,0,2.06299295833333,0.0871967916666667,0.136569833333333,2.29437641666667,4.63096662355591e-06,6.25596308025611e-06,1.31979473094464e-06,3.31148807628514e-14,1.25995933859203e-10,5.41259046215768e-17,1.17546558336376,2.28502772259276e-08,-6.82121026329696e-13,0.0011438833162174,0.00552353315288201,-999.809692073037,-0.179973731806103,mixed,compatible,1
20,2000,400,0,2.65867045833334,0.209479,0.321289583333333,3.195683875,1.95846612246225e-07,2.72680049621737e-07,3.98960200093728e-07,3.38091034373757e-16,7.43524378545095e-13,7.20307059382787e-17,1.17546574196234,8.45085512679589e-09,-2.04636307898909e-12,1.01975010693423e-05,3.09249171550618e-05,-999.809933194391,-0.180072235106049,mixed,divergence,2
10,2000,800,0,5.265464125,0.207356208333333,0.33035225,5.809088875,1.9584743328968e-07,2.72680050587399e-07,3.98915886691384e-07,3.38091034373757e-16,7.43524378545095e-13,7.20307059382787e-17,1.17546574196234,8.45046854713871e-09,-1.13686837721616e-12,1.01975679172028e-05,3.09253264276776e-05,-999.809933194391,-0.180072235106308,mixed,divergence,2
20,2000,400,0,2.59815779166667,0.204676833333333,0.317498958333333,3.126083625,1.95846612189097e-07,2.72680050238927e-07,3.98960202131965e-07,3.38091034373757e-16,7.43524378545095e-13,7.20307059382787e-17,1.17546574196234,8.4508557929297e-09,-2.04636307898909e-12,1.01975010693423e-05,3.0924913517083e-05,-999.809933194391,-0.180072235106038,mixed,advective,2
10,2000,800,0,5.21525058333333,0.201059833333333,0.313046,5.735334375,1.95847433232488e-07,2.72680048856805e-07,3.98915888724211e-07,3.38091034373757e-16,7.43524378545095e-13,7.20307059382787e-17,1.17546574196234,8.45046765896029e-09,-1.13686837721616e-12,1.01975674624555e-05,3.09253264276776e-05,-999.809933194391,-0.180072235106297,mixed,advective,2
20,2000,400,0,3.15445,0.206944416666667,0.331262791666667,3.69913808333333,1.95846612217591e-07,2.72680050404406e-07,3.98960201112771e-07,3.38091034373757e-16,7.43524378545095e-13,7.20307059382787e-17,1.17546574196234,8.45085534884049e-09,-2.04636307898909e-12,1.01975006145949e-05,3.09249171550618e-05,-999.809933194391,-0.180072235106043,mixed,split,2
10,2000,800,0,6.342231,0.207048666666667,0.323146333333333,6.87838416666667,1.95847433261113e-07,2.72680050409956e-07,3.98915887714094e-07,3.38091034373757e-16,7.43524378545095e-13,7.20307059382787e-17,1.17546574196234,8.45046832509411e-09,-1.13686837721616e-12,1.01975679172028e-05,3.09253264276776e-05,-999.809933194391,-0.180072235106303,mixed,split,2
20,2000,400,0,2.95566645833333,0.205270916666667,0.319979208333333,3.48757045833333,1.95846612217574e-07,2.72680050404406e-07,3.98960201112771e-07,3.38091034373757e-16,7.43524378545095e-13,7.20307059382787e-17,1.17546574196234,8.45085534884049e-09,-2.04636307898909e-12,1.01975006145949e-05,3.09249171550618e-05,-999.809933194391,-0.180072235106043,mixed,compatible,2
10,2000,800,0,6.50671245833334,0.221507666666667,0.344150375,7.07924975,1.95847433261122e-07,2.72680050409956e-07,3.98915887714094e-07,3.38091034373757e-16,7.43524378545095e-13,7.20307059382787e-17,1.17546574196234,8.45046832509411e-09,-1.13686837721616e-12,1.01975679172028e-05,3.09253264276776e-05,-999.809933194391,-0.180072235106303,mixed,compatible,2
