profile,nx,nz,waveCount,form,family,rmsDifference,productionRMS
constant,8,33,4,divergence,Ag_q,1.74715186174677e-29,2.18121851169826e-13
constant,8,33,4,divergence,Ag_0,2.20128040459126e-26,3.74466053975379e-11
constant,8,33,4,divergence,Aw_p,3.6369939338718e-24,7.17808070641257e-08
constant,8,33,4,divergence,Aw_m,4.07839151479918e-24,3.65527523565629e-08
constant,8,33,4,divergence,Aio,7.8763489952371e-24,3.55608354335481e-07
constant,8,33,4,divergence,Amda,1.87169606528732e-23,1.15043394133759e-07
constant,8,33,4,advective,Ag_q,1.33792845044685e-24,2.18121851169826e-13
constant,8,33,4,advective,Ag_0,3.66534472796338e-22,3.74466053975379e-11
constant,8,33,4,advective,Aw_p,3.11738428586175e-19,7.17808070641257e-08
constant,8,33,4,advective,Aw_m,3.11756996701337e-19,3.65527523565629e-08
constant,8,33,4,advective,Aio,1.42989866021422e-22,3.55608354335481e-07
constant,8,33,4,advective,Amda,4.22792071065003e-22,1.15043394133759e-07
constant,8,33,4,split,Ag_q,6.68965067638822e-25,2.18121851169826e-13
constant,8,33,4,split,Ag_0,1.83266457872841e-22,3.74466053975379e-11
constant,8,33,4,split,Aw_p,1.55868779598918e-19,7.17808070641257e-08
constant,8,33,4,split,Aw_m,1.55878128518699e-19,3.65527523565629e-08
constant,8,33,4,split,Aio,1.28008651778184e-22,3.55608354335481e-07
constant,8,33,4,split,Amda,1.97417358758124e-22,1.15043394133759e-07
constant,8,33,4,compatible,Ag_q,6.68959342578412e-25,2.18121851169826e-13
constant,8,33,4,compatible,Ag_0,1.83265863362207e-22,3.74466053975379e-11
constant,8,33,4,compatible,Aw_p,1.55867605622186e-19,7.17808070641257e-08
constant,8,33,4,compatible,Aw_m,1.55876494961595e-19,3.65527523565629e-08
constant,8,33,4,compatible,Aio,2.9579554700839e-22,3.55608354335481e-07
constant,8,33,4,compatible,Amda,1.92702904245389e-22,1.15043394133759e-07
constant,16,65,4,divergence,Ag_q,1.27400227354185e-29,1.00970797006319e-13
constant,16,65,4,divergence,Ag_0,5.78949951000832e-26,1.73344099729099e-11
constant,16,65,4,divergence,Aw_p,5.64855002045337e-24,3.32281650232906e-08
constant,16,65,4,divergence,Aw_m,5.85071951680848e-24,1.69208057806892e-08
constant,16,65,4,divergence,Aio,3.8289983421684e-24,3.55608354335481e-07
constant,16,65,4,divergence,Amda,0,1.15043394133749e-07
constant,16,65,4,advective,Ag_q,1.66421786100298e-26,1.00970797006319e-13
constant,16,65,4,advective,Ag_0,2.67565934768004e-22,1.73344099729099e-11
constant,16,65,4,advective,Aw_p,6.48271247546222e-23,3.32281650232906e-08
constant,16,65,4,advective,Aw_m,4.19208879630798e-23,1.69208057806892e-08
constant,16,65,4,advective,Aio,4.07061148221964e-22,3.55608354335481e-07
constant,16,65,4,advective,Amda,1.07732328159983e-20,1.15043394133749e-07
constant,16,65,4,split,Ag_q,8.33040266771607e-27,1.00970797006319e-13
constant,16,65,4,split,Ag_0,1.33784339603857e-22,1.73344099729099e-11
constant,16,65,4,split,Aw_p,3.10035372875591e-23,3.32281650232906e-08
constant,16,65,4,split,Aw_m,2.17029984779132e-23,1.69208057806892e-08
constant,16,65,4,split,Aio,2.51273782276749e-22,3.55608354335481e-07
constant,16,65,4,split,Amda,5.37023491525621e-21,1.15043394133749e-07
constant,16,65,4,compatible,Ag_q,8.31174122654992e-27,1.00970797006319e-13
constant,16,65,4,compatible,Ag_0,1.33780937059632e-22,1.73344099729099e-11
constant,16,65,4,compatible,Aw_p,5.57297270781288e-23,3.32281650232906e-08
constant,16,65,4,compatible,Aw_m,3.37247045800056e-23,1.69208057806892e-08
constant,16,65,4,compatible,Aio,2.69197107071358e-22,3.55608354335481e-07
constant,16,65,4,compatible,Amda,5.40479584368653e-21,1.15043394133749e-07
constant,16,65,8,divergence,Ag_q,1.22033092624521e-29,7.143265037088e-14
constant,16,65,8,divergence,Ag_0,5.78949951000832e-26,1.73344099729099e-11
constant,16,65,8,divergence,Aw_p,5.23725437026768e-24,2.3496113013347e-08
constant,16,65,8,divergence,Aw_m,5.11494215705828e-24,1.19664336422856e-08
constant,16,65,8,divergence,Aio,1.47985053556116e-23,2.5146920675001e-07
constant,16,65,8,divergence,Amda,1.47970566347079e-23,1.0305417911642e-07
constant,16,65,8,advective,Ag_q,1.70879631621978e-26,7.143265037088e-14
constant,16,65,8,advective,Ag_0,2.67565934768004e-22,1.73344099729099e-11
constant,16,65,8,advective,Aw_p,1.76895508290049e-22,2.3496113013347e-08
constant,16,65,8,advective,Aw_m,1.04465830146518e-22,1.19664336422856e-08
constant,16,65,8,advective,Aio,7.49085357701383e-22,2.5146920675001e-07
constant,16,65,8,advective,Amda,8.07482583988377e-21,1.0305417911642e-07
constant,16,65,8,split,Ag_q,8.54682819114967e-27,7.143265037088e-14
constant,16,65,8,split,Ag_0,1.33784339603857e-22,1.73344099729099e-11
constant,16,65,8,split,Aw_p,8.51238662745269e-23,2.3496113013347e-08
constant,16,65,8,split,Aw_m,5.19021433579906e-23,1.19664336422856e-08
constant,16,65,8,split,Aio,3.91677144006835e-22,2.5146920675001e-07
constant,16,65,8,split,Amda,4.02959547530118e-21,1.0305417911642e-07
constant,16,65,8,compatible,Ag_q,8.58560330524129e-27,7.143265037088e-14
constant,16,65,8,compatible,Ag_0,1.33780937059632e-22,1.73344099729099e-11
constant,16,65,8,compatible,Aw_p,1.31368060269685e-22,2.3496113013347e-08
constant,16,65,8,compatible,Aw_m,8.36140436785264e-23,1.19664336422856e-08
constant,16,65,8,compatible,Aio,5.70364238099482e-22,2.5146920675001e-07
constant,16,65,8,compatible,Amda,4.04111458505698e-21,1.0305417911642e-07
constant,24,129,12,divergence,Ag_q,9.80222125715686e-30,3.60407627026575e-14
constant,24,129,12,divergence,Ag_0,8.97812670344931e-26,1.1290576342844e-11
constant,24,129,12,divergence,Aw_p,3.96286162268022e-24,1.24956387282301e-08
constant,24,129,12,divergence,Aw_m,3.91737562961077e-24,6.36423653460434e-09
constant,24,129,12,divergence,Aio,1.24040992728167e-23,2.17782198427175e-07
constant,24,129,12,divergence,Amda,1.00722496804272e-24,7.28712473728313e-08
constant,24,129,12,advective,Ag_q,3.71777449137296e-26,3.60407627026575e-14
constant,24,129,12,advective,Ag_0,7.79198691796893e-22,1.1290576342844e-11
constant,24,129,12,advective,Aw_p,2.63282915970689e-22,1.24956387282301e-08
constant,24,129,12,advective,Aw_m,1.98293091622266e-22,6.36423653460434e-09
constant,24,129,12,advective,Aio,2.52457848948467e-21,2.17782198427175e-07
constant,24,129,12,advective,Amda,1.89961398401121e-20,7.28712473728313e-08
constant,24,129,12,split,Ag_q,1.85877751199305e-26,3.60407627026575e-14
constant,24,129,12,split,Ag_0,3.89598819265403e-22,1.1290576342844e-11
constant,24,129,12,split,Aw_p,1.33972894812209e-22,1.24956387282301e-08
constant,24,129,12,split,Aw_m,1.02109719905784e-22,6.36423653460434e-09
constant,24,129,12,split,Aio,1.26096946405083e-21,2.17782198427175e-07
constant,24,129,12,split,Amda,9.5015279109397e-21,7.28712473728313e-08
constant,24,129,12,compatible,Ag_q,1.87243545364917e-26,3.60407627026575e-14
constant,24,129,12,compatible,Ag_0,3.89600042068573e-22,1.1290576342844e-11
constant,24,129,12,compatible,Aw_p,4.80016720268391e-22,1.24956387282301e-08
constant,24,129,12,compatible,Aw_m,3.0559491016529e-22,6.36423653460434e-09
constant,24,129,12,compatible,Aio,8.60043562859394e-22,2.17782198427175e-07
constant,24,129,12,compatible,Amda,9.4884984941137e-21,7.28712473728313e-08
exponential,8,33,4,divergence,Ag_q,1.8009392110046e-29,4.80904199138872e-13
exponential,8,33,4,divergence,Ag_0,4.76737578026189e-26,2.04008856685175e-10
exponential,8,33,4,divergence,Aw_p,9.7451696157303e-24,1.90885786415866e-07
exponential,8,33,4,divergence,Aw_m,8.91899551980593e-24,1.19696600406848e-07
exponential,8,33,4,divergence,Aio,1.26944603428958e-22,1.05055434763043e-06
exponential,8,33,4,divergence,Amda,0,1.41757495786157e-07
exponential,8,33,4,advective,Ag_q,3.02344540024662e-24,4.80904199138872e-13
exponential,8,33,4,advective,Ag_0,1.82424216249131e-21,2.04008856685175e-10
exponential,8,33,4,advective,Aw_p,7.52250721873414e-19,1.90885786415866e-07
exponential,8,33,4,advective,Aw_m,7.52438202806057e-19,1.19696600406848e-07
exponential,8,33,4,advective,Aio,9.14174855733163e-22,1.05055434763043e-06
exponential,8,33,4,advective,Amda,2.75659149308908e-20,1.41757495786157e-07
exponential,8,33,4,split,Ag_q,1.51171950780794e-24,4.80904199138872e-13
exponential,8,33,4,split,Ag_0,9.12121822974755e-22,2.04008856685175e-10
exponential,8,33,4,split,Aw_p,3.76124174862086e-19,1.90885786415866e-07
exponential,8,33,4,split,Aw_m,3.76217474697583e-19,1.19696600406848e-07
exponential,8,33,4,split,Aio,4.30153348098197e-22,1.05055434763043e-06
exponential,8,33,4,split,Amda,1.38037426196538e-20,1.41757495786157e-07
exponential,8,33,4,compatible,Ag_q,1.51172756383165e-24,4.80904199138872e-13
exponential,8,33,4,compatible,Ag_0,9.12127195581326e-22,2.04008856685175e-10
exponential,8,33,4,compatible,Aw_p,3.76126427739393e-19,1.90885786415866e-07
exponential,8,33,4,compatible,Aw_m,3.76220849964474e-19,1.19696600406848e-07
exponential,8,33,4,compatible,Aio,3.93924842757941e-22,1.05055434763043e-06
exponential,8,33,4,compatible,Amda,1.37621727387228e-20,1.41757495786157e-07
exponential,16,65,4,divergence,Ag_q,1.66764787761617e-29,2.22615386813886e-13
exponential,16,65,4,divergence,Ag_0,6.98506116186213e-26,9.44377500241381e-11
exponential,16,65,4,divergence,Aw_p,4.12210566406305e-24,8.83629915746726e-08
exponential,16,65,4,divergence,Aw_m,3.78143987072405e-24,5.54088108232499e-08
exponential,16,65,4,divergence,Aio,0,1.05055434763043e-06
exponential,16,65,4,divergence,Amda,0,1.41757495786134e-07
exponential,16,65,4,advective,Ag_q,1.74667999893993e-26,2.22615386813886e-13
exponential,16,65,4,advective,Ag_0,2.56377034770218e-22,9.44377500241381e-11
exponential,16,65,4,advective,Aw_p,1.56518934535337e-22,8.83629915746726e-08
exponential,16,65,4,advective,Aw_m,9.64996399979136e-23,5.54088108232499e-08
exponential,16,65,4,advective,Aio,8.54014176828419e-22,1.05055434763043e-06
exponential,16,65,4,advective,Amda,4.0818425668835e-21,1.41757495786134e-07
exponential,16,65,4,split,Ag_q,8.74611014507698e-27,2.22615386813886e-13
exponential,16,65,4,split,Ag_0,1.2819748787758e-22,9.44377500241381e-11
exponential,16,65,4,split,Aw_p,6.49290953116031e-23,8.83629915746726e-08
exponential,16,65,4,split,Aw_m,5.11040253818479e-23,5.54088108232499e-08
exponential,16,65,4,split,Aio,8.11693324784606e-22,1.05055434763043e-06
exponential,16,65,4,split,Amda,2.02151840124874e-21,1.41757495786134e-07
exponential,16,65,4,compatible,Ag_q,8.87657445498349e-27,2.22615386813886e-13
exponential,16,65,4,compatible,Ag_0,1.2826816833267e-22,9.44377500241381e-11
exponential,16,65,4,compatible,Aw_p,1.97589683166194e-22,8.83629915746726e-08
exponential,16,65,4,compatible,Aw_m,1.65944616740868e-22,5.54088108232499e-08
exponential,16,65,4,compatible,Aio,6.10975550567897e-22,1.05055434763043e-06
exponential,16,65,4,compatible,Amda,1.95822706743239e-21,1.41757495786134e-07
exponential,16,65,8,divergence,Ag_q,1.69526605814998e-29,1.57645071992966e-13
exponential,16,65,8,divergence,Ag_0,6.83325471783983e-26,9.44377500241388e-11
exponential,16,65,8,divergence,Aw_p,9.89928628844233e-24,6.2488507829063e-08
exponential,16,65,8,divergence,Aw_m,6.96628378408102e-24,3.9185039019825e-08
exponential,16,65,8,divergence,Aio,2.53271303234718e-25,7.44581754213081e-07
exponential,16,65,8,divergence,Amda,0,1.2818508017167e-07
exponential,16,65,8,advective,Ag_q,1.79041704054e-26,1.57645071992966e-13
exponential,16,65,8,advective,Ag_0,2.56010364363218e-22,9.44377500241388e-11
exponential,16,65,8,advective,Aw_p,3.69297106932344e-22,6.2488507829063e-08
exponential,16,65,8,advective,Aw_m,2.48354547924936e-22,3.9185039019825e-08
exponential,16,65,8,advective,Aio,2.30504813400613e-21,7.44581754213081e-07
exponential,16,65,8,advective,Amda,3.37180419873731e-21,1.2818508017167e-07
exponential,16,65,8,split,Ag_q,8.98793725293367e-27,1.57645071992966e-13
exponential,16,65,8,split,Ag_0,1.28005139785944e-22,9.44377500241388e-11
exponential,16,65,8,split,Aw_p,2.0492428226099e-22,6.2488507829063e-08
exponential,16,65,8,split,Aw_m,1.38223002457794e-22,3.9185039019825e-08
exponential,16,65,8,split,Aio,1.23821862399349e-21,7.44581754213081e-07
exponential,16,65,8,split,Amda,1.65314316683386e-21,1.2818508017167e-07
exponential,16,65,8,compatible,Ag_q,8.98663636438616e-27,1.57645071992966e-13
exponential,16,65,8,compatible,Ag_0,1.28058777116977e-22,9.44377500241388e-11
exponential,16,65,8,compatible,Aw_p,4.27051156823106e-22,6.2488507829063e-08
exponential,16,65,8,compatible,Aw_m,3.27218903319973e-22,3.9185039019825e-08
exponential,16,65,8,compatible,Aio,1.76277816248559e-21,7.44581754213081e-07
exponential,16,65,8,compatible,Amda,1.63551409134837e-21,1.2818508017167e-07
exponential,24,129,12,divergence,Ag_q,1.49057901162886e-29,7.95405064007703e-14
exponential,24,129,12,divergence,Ag_0,9.43171878929989e-26,6.15109846898579e-11
exponential,24,129,12,divergence,Aw_p,8.93924849324451e-24,3.32324837759084e-08
exponential,24,129,12,divergence,Aw_m,9.47074995460906e-24,2.0839449160303e-08
exponential,24,129,12,divergence,Aio,3.71916037634988e-23,6.448313095053e-07
exponential,24,129,12,divergence,Amda,1.06767698713343e-24,9.06425269569418e-08
exponential,24,129,12,advective,Ag_q,3.93651600049292e-25,7.95405064007703e-14
exponential,24,129,12,advective,Ag_0,5.44383803916542e-21,6.15109846898579e-11
exponential,24,129,12,advective,Aw_p,1.02265224104551e-21,3.32324837759084e-08
exponential,24,129,12,advective,Aw_m,4.73636942678602e-22,2.0839449160303e-08
exponential,24,129,12,advective,Aio,3.94045526373573e-21,6.448313095053e-07
exponential,24,129,12,advective,Amda,5.55308000390125e-20,9.06425269569418e-08
exponential,24,129,12,split,Ag_q,1.96825060699536e-25,7.95405064007703e-14
exponential,24,129,12,split,Ag_0,2.72193154252963e-21,6.15109846898579e-11
exponential,24,129,12,split,Aw_p,5.23194007083042e-22,3.32324837759084e-08
exponential,24,129,12,split,Aw_m,2.42440757058361e-22,2.0839449160303e-08
exponential,24,129,12,split,Aio,2.09063347267835e-21,6.448313095053e-07
exponential,24,129,12,split,Amda,2.77597994448317e-20,9.06425269569418e-08
exponential,24,129,12,compatible,Ag_q,1.9669897811953e-25,7.95405064007703e-14
exponential,24,129,12,compatible,Ag_0,2.72189477753587e-21,6.15109846898579e-11
exponential,24,129,12,compatible,Aw_p,7.27384311190445e-22,3.32324837759084e-08
exponential,24,129,12,compatible,Aw_m,4.34974516399211e-22,2.0839449160303e-08
exponential,24,129,12,compatible,Aio,4.10341350327818e-21,6.448313095053e-07
exponential,24,129,12,compatible,Amda,2.77596486567085e-20,9.06425269569418e-08
